{
  "Timestamp": "2025-07-15T08:44:30.120093Z",
  "CanonicalTierIndex": {
    "P": 0,
    "C": 1,
    "F": 2,
    "E": 3,
    "X": 4,
    "Y": 5
  },
  "CanonicalRules": {
    "Rule 1": "Template warp scales with dt, capped via exponential decay",
    "Rule 2": "Arc spillover must be pushed inward, never discarded",
    "Rule 3": "Template tier = Y does not guarantee bin 5 dominance",
    "Rule 4": "Template at anchor (dt = 0) has zero influence",
    "Rule 5": "Uniform inputs = locked 100% bin",
    "Rule 6": "Base position commutativity is absolute",
    "Rule 7": "Canonical kernel is exponential arc centered on deviation",
    "Rule 8": "Anchor alignment is required for shape comparison",
    "Rule 9": "Anchor bin dominance overrides weak template influence",
    "Rule 10": "Dual-lobed shaping arises from arc interference",
    "Rule 11": "Flattening occurs when mid-bin arcs collide (dt \u2248 base_dev)",
    "Rule 12": "Template only dominates if dt > all base deviations",
    "Rule 13": "Mid-bin shaping wins when base and template deviate similarly",
    "Rule 14": "Mirror signatures with same roles must yield same shape",
    "Rule 15": "Warp influence saturates at dt \u2265 5 per exponential law",
    "Rule 16": "Warp activation is smooth from dt = 1 onward (no step)"
  },
  "RoleAwareDeviationSignatures": [
    {
      "Recipe": "YFY",
      "Base1": "Y",
      "Base2": "F",
      "Template": "Y",
      "Tiers": {
        "base1": 5,
        "base2": 2,
        "template": 5
      },
      "Anchor": 2,
      "Deviations": {
        "base1": 3,
        "base2": 0,
        "template": 3
      },
      "dev0_roles": [
        "base2"
      ]
    },
    {
      "Recipe": "PYE",
      "Base1": "P",
      "Base2": "Y",
      "Template": "E",
      "Tiers": {
        "base1": 0,
        "base2": 5,
        "template": 3
      },
      "Anchor": 0,
      "Deviations": {
        "base1": 0,
        "base2": 5,
        "template": 3
      },
      "dev0_roles": [
        "base1"
      ]
    },
    {
      "Recipe": "FEX",
      "Base1": "F",
      "Base2": "E",
      "Template": "X",
      "Tiers": {
        "base1": 2,
        "base2": 3,
        "template": 4
      },
      "Anchor": 2,
      "Deviations": {
        "base1": 0,
        "base2": 1,
        "template": 2
      },
      "dev0_roles": [
        "base1"
      ]
    },
    {
      "Recipe": "PYC",
      "Base1": "P",
      "Base2": "Y",
      "Template": "C",
      "Tiers": {
        "base1": 0,
        "base2": 5,
        "template": 1
      },
      "Anchor": 0,
      "Deviations": {
        "base1": 0,
        "base2": 5,
        "template": 1
      },
      "dev0_roles": [
        "base1"
      ]
    },
    {
      "Recipe": "PCP",
      "Base1": "P",
      "Base2": "C",
      "Template": "P",
      "Tiers": {
        "base1": 0,
        "base2": 1,
        "template": 0
      },
      "Anchor": 0,
      "Deviations": {
        "base1": 0,
        "base2": 1,
        "template": 0
      },
      "dev0_roles": [
        "base1",
        "template"
      ]
    },
    {
      "Recipe": "PFP",
      "Base1": "P",
      "Base2": "F",
      "Template": "P",
      "Tiers": {
        "base1": 0,
        "base2": 2,
        "template": 0
      },
      "Anchor": 0,
      "Deviations": {
        "base1": 0,
        "base2": 2,
        "template": 0
      },
      "dev0_roles": [
        "base1",
        "template"
      ]
    },
    {
      "Recipe": "PFC",
      "Base1": "P",
      "Base2": "F",
      "Template": "C",
      "Tiers": {
        "base1": 0,
        "base2": 2,
        "template": 1
      },
      "Anchor": 0,
      "Deviations": {
        "base1": 0,
        "base2": 2,
        "template": 1
      },
      "dev0_roles": [
        "base1"
      ]
    },
    {
      "Recipe": "PXP",
      "Base1": "P",
      "Base2": "X",
      "Template": "P",
      "Tiers": {
        "base1": 0,
        "base2": 4,
        "template": 0
      },
      "Anchor": 0,
      "Deviations": {
        "base1": 0,
        "base2": 4,
        "template": 0
      },
      "dev0_roles": [
        "base1",
        "template"
      ]
    },
    {
      "Recipe": "PXC",
      "Base1": "P",
      "Base2": "X",
      "Template": "C",
      "Tiers": {
        "base1": 0,
        "base2": 4,
        "template": 1
      },
      "Anchor": 0,
      "Deviations": {
        "base1": 0,
        "base2": 4,
        "template": 1
      },
      "dev0_roles": [
        "base1"
      ]
    },
    {
      "Recipe": "PXF",
      "Base1": "P",
      "Base2": "X",
      "Template": "F",
      "Tiers": {
        "base1": 0,
        "base2": 4,
        "template": 2
      },
      "Anchor": 0,
      "Deviations": {
        "base1": 0,
        "base2": 4,
        "template": 2
      },
      "dev0_roles": [
        "base1"
      ]
    },
    {
      "Recipe": "PEP",
      "Base1": "P",
      "Base2": "E",
      "Template": "P",
      "Tiers": {
        "base1": 0,
        "base2": 3,
        "template": 0
      },
      "Anchor": 0,
      "Deviations": {
        "base1": 0,
        "base2": 3,
        "template": 0
      },
      "dev0_roles": [
        "base1",
        "template"
      ]
    },
    {
      "Recipe": "PEF",
      "Base1": "P",
      "Base2": "E",
      "Template": "F",
      "Tiers": {
        "base1": 0,
        "base2": 3,
        "template": 2
      },
      "Anchor": 0,
      "Deviations": {
        "base1": 0,
        "base2": 3,
        "template": 2
      },
      "dev0_roles": [
        "base1"
      ]
    },
    {
      "Recipe": "PYP",
      "Base1": "P",
      "Base2": "Y",
      "Template": "P",
      "Tiers": {
        "base1": 0,
        "base2": 5,
        "template": 0
      },
      "Anchor": 0,
      "Deviations": {
        "base1": 0,
        "base2": 5,
        "template": 0
      },
      "dev0_roles": [
        "base1",
        "template"
      ]
    },
    {
      "Recipe": "CPP",
      "Base1": "C",
      "Base2": "P",
      "Template": "P",
      "Tiers": {
        "base1": 1,
        "base2": 0,
        "template": 0
      },
      "Anchor": 0,
      "Deviations": {
        "base1": 1,
        "base2": 0,
        "template": 0
      },
      "dev0_roles": [
        "base2",
        "template"
      ]
    },
    {
      "Recipe": "CFP",
      "Base1": "C",
      "Base2": "F",
      "Template": "P",
      "Tiers": {
        "base1": 1,
        "base2": 2,
        "template": 0
      },
      "Anchor": 0,
      "Deviations": {
        "base1": 1,
        "base2": 2,
        "template": 0
      },
      "dev0_roles": [
        "template"
      ]
    },
    {
      "Recipe": "CXP",
      "Base1": "C",
      "Base2": "X",
      "Template": "P",
      "Tiers": {
        "base1": 1,
        "base2": 4,
        "template": 0
      },
      "Anchor": 0,
      "Deviations": {
        "base1": 1,
        "base2": 4,
        "template": 0
      },
      "dev0_roles": [
        "template"
      ]
    },
    {
      "Recipe": "CEP",
      "Base1": "C",
      "Base2": "E",
      "Template": "P",
      "Tiers": {
        "base1": 1,
        "base2": 3,
        "template": 0
      },
      "Anchor": 0,
      "Deviations": {
        "base1": 1,
        "base2": 3,
        "template": 0
      },
      "dev0_roles": [
        "template"
      ]
    },
    {
      "Recipe": "FPC",
      "Base1": "F",
      "Base2": "P",
      "Template": "C",
      "Tiers": {
        "base1": 2,
        "base2": 0,
        "template": 1
      },
      "Anchor": 0,
      "Deviations": {
        "base1": 2,
        "base2": 0,
        "template": 1
      },
      "dev0_roles": [
        "base2"
      ]
    },
    {
      "Recipe": "FCC",
      "Base1": "F",
      "Base2": "C",
      "Template": "C",
      "Tiers": {
        "base1": 2,
        "base2": 1,
        "template": 1
      },
      "Anchor": 1,
      "Deviations": {
        "base1": 1,
        "base2": 0,
        "template": 0
      },
      "dev0_roles": [
        "base2",
        "template"
      ]
    },
    {
      "Recipe": "XPP",
      "Base1": "X",
      "Base2": "P",
      "Template": "P",
      "Tiers": {
        "base1": 4,
        "base2": 0,
        "template": 0
      },
      "Anchor": 0,
      "Deviations": {
        "base1": 4,
        "base2": 0,
        "template": 0
      },
      "dev0_roles": [
        "base2",
        "template"
      ]
    },
    {
      "Recipe": "XCP",
      "Base1": "X",
      "Base2": "C",
      "Template": "P",
      "Tiers": {
        "base1": 4,
        "base2": 1,
        "template": 0
      },
      "Anchor": 0,
      "Deviations": {
        "base1": 4,
        "base2": 1,
        "template": 0
      },
      "dev0_roles": [
        "template"
      ]
    },
    {
      "Recipe": "XFP",
      "Base1": "X",
      "Base2": "F",
      "Template": "P",
      "Tiers": {
        "base1": 4,
        "base2": 2,
        "template": 0
      },
      "Anchor": 0,
      "Deviations": {
        "base1": 4,
        "base2": 2,
        "template": 0
      },
      "dev0_roles": [
        "template"
      ]
    },
    {
      "Recipe": "ECP",
      "Base1": "E",
      "Base2": "C",
      "Template": "P",
      "Tiers": {
        "base1": 3,
        "base2": 1,
        "template": 0
      },
      "Anchor": 0,
      "Deviations": {
        "base1": 3,
        "base2": 1,
        "template": 0
      },
      "dev0_roles": [
        "template"
      ]
    },
    {
      "Recipe": "EFP",
      "Base1": "E",
      "Base2": "F",
      "Template": "P",
      "Tiers": {
        "base1": 3,
        "base2": 2,
        "template": 0
      },
      "Anchor": 0,
      "Deviations": {
        "base1": 3,
        "base2": 2,
        "template": 0
      },
      "dev0_roles": [
        "template"
      ]
    },
    {
      "Recipe": "EXP",
      "Base1": "E",
      "Base2": "X",
      "Template": "P",
      "Tiers": {
        "base1": 3,
        "base2": 4,
        "template": 0
      },
      "Anchor": 0,
      "Deviations": {
        "base1": 3,
        "base2": 4,
        "template": 0
      },
      "dev0_roles": [
        "template"
      ]
    },
    {
      "Recipe": "YCP",
      "Base1": "Y",
      "Base2": "C",
      "Template": "P",
      "Tiers": {
        "base1": 5,
        "base2": 1,
        "template": 0
      },
      "Anchor": 0,
      "Deviations": {
        "base1": 5,
        "base2": 1,
        "template": 0
      },
      "dev0_roles": [
        "template"
      ]
    },
    {
      "Recipe": "YFP",
      "Base1": "Y",
      "Base2": "F",
      "Template": "P",
      "Tiers": {
        "base1": 5,
        "base2": 2,
        "template": 0
      },
      "Anchor": 0,
      "Deviations": {
        "base1": 5,
        "base2": 2,
        "template": 0
      },
      "dev0_roles": [
        "template"
      ]
    },
    {
      "Recipe": "PEC",
      "Base1": "P",
      "Base2": "E",
      "Template": "C",
      "Tiers": {
        "base1": 0,
        "base2": 3,
        "template": 1
      },
      "Anchor": 0,
      "Deviations": {
        "base1": 0,
        "base2": 3,
        "template": 1
      },
      "dev0_roles": [
        "base1"
      ]
    },
    {
      "Recipe": "PPP",
      "Base1": "P",
      "Base2": "P",
      "Template": "P",
      "Tiers": {
        "base1": 0,
        "base2": 0,
        "template": 0
      },
      "Anchor": 0,
      "Deviations": {
        "base1": 0,
        "base2": 0,
        "template": 0
      },
      "dev0_roles": [
        "base1",
        "base2",
        "template"
      ]
    },
    {
      "Recipe": "PPC",
      "Base1": "P",
      "Base2": "P",
      "Template": "C",
      "Tiers": {
        "base1": 0,
        "base2": 0,
        "template": 1
      },
      "Anchor": 0,
      "Deviations": {
        "base1": 0,
        "base2": 0,
        "template": 1
      },
      "dev0_roles": [
        "base1",
        "base2"
      ]
    },
    {
      "Recipe": "PPF",
      "Base1": "P",
      "Base2": "P",
      "Template": "F",
      "Tiers": {
        "base1": 0,
        "base2": 0,
        "template": 2
      },
      "Anchor": 0,
      "Deviations": {
        "base1": 0,
        "base2": 0,
        "template": 2
      },
      "dev0_roles": [
        "base1",
        "base2"
      ]
    },
    {
      "Recipe": "PPX",
      "Base1": "P",
      "Base2": "P",
      "Template": "X",
      "Tiers": {
        "base1": 0,
        "base2": 0,
        "template": 4
      },
      "Anchor": 0,
      "Deviations": {
        "base1": 0,
        "base2": 0,
        "template": 4
      },
      "dev0_roles": [
        "base1",
        "base2"
      ]
    },
    {
      "Recipe": "PPE",
      "Base1": "P",
      "Base2": "P",
      "Template": "E",
      "Tiers": {
        "base1": 0,
        "base2": 0,
        "template": 3
      },
      "Anchor": 0,
      "Deviations": {
        "base1": 0,
        "base2": 0,
        "template": 3
      },
      "dev0_roles": [
        "base1",
        "base2"
      ]
    },
    {
      "Recipe": "PPY",
      "Base1": "P",
      "Base2": "P",
      "Template": "Y",
      "Tiers": {
        "base1": 0,
        "base2": 0,
        "template": 5
      },
      "Anchor": 0,
      "Deviations": {
        "base1": 0,
        "base2": 0,
        "template": 5
      },
      "dev0_roles": [
        "base1",
        "base2"
      ]
    },
    {
      "Recipe": "PCC",
      "Base1": "P",
      "Base2": "C",
      "Template": "C",
      "Tiers": {
        "base1": 0,
        "base2": 1,
        "template": 1
      },
      "Anchor": 0,
      "Deviations": {
        "base1": 0,
        "base2": 1,
        "template": 1
      },
      "dev0_roles": [
        "base1"
      ]
    },
    {
      "Recipe": "PCF",
      "Base1": "P",
      "Base2": "C",
      "Template": "F",
      "Tiers": {
        "base1": 0,
        "base2": 1,
        "template": 2
      },
      "Anchor": 0,
      "Deviations": {
        "base1": 0,
        "base2": 1,
        "template": 2
      },
      "dev0_roles": [
        "base1"
      ]
    },
    {
      "Recipe": "PCX",
      "Base1": "P",
      "Base2": "C",
      "Template": "X",
      "Tiers": {
        "base1": 0,
        "base2": 1,
        "template": 4
      },
      "Anchor": 0,
      "Deviations": {
        "base1": 0,
        "base2": 1,
        "template": 4
      },
      "dev0_roles": [
        "base1"
      ]
    },
    {
      "Recipe": "PCE",
      "Base1": "P",
      "Base2": "C",
      "Template": "E",
      "Tiers": {
        "base1": 0,
        "base2": 1,
        "template": 3
      },
      "Anchor": 0,
      "Deviations": {
        "base1": 0,
        "base2": 1,
        "template": 3
      },
      "dev0_roles": [
        "base1"
      ]
    },
    {
      "Recipe": "PCY",
      "Base1": "P",
      "Base2": "C",
      "Template": "Y",
      "Tiers": {
        "base1": 0,
        "base2": 1,
        "template": 5
      },
      "Anchor": 0,
      "Deviations": {
        "base1": 0,
        "base2": 1,
        "template": 5
      },
      "dev0_roles": [
        "base1"
      ]
    },
    {
      "Recipe": "PFF",
      "Base1": "P",
      "Base2": "F",
      "Template": "F",
      "Tiers": {
        "base1": 0,
        "base2": 2,
        "template": 2
      },
      "Anchor": 0,
      "Deviations": {
        "base1": 0,
        "base2": 2,
        "template": 2
      },
      "dev0_roles": [
        "base1"
      ]
    },
    {
      "Recipe": "PFX",
      "Base1": "P",
      "Base2": "F",
      "Template": "X",
      "Tiers": {
        "base1": 0,
        "base2": 2,
        "template": 4
      },
      "Anchor": 0,
      "Deviations": {
        "base1": 0,
        "base2": 2,
        "template": 4
      },
      "dev0_roles": [
        "base1"
      ]
    },
    {
      "Recipe": "PFE",
      "Base1": "P",
      "Base2": "F",
      "Template": "E",
      "Tiers": {
        "base1": 0,
        "base2": 2,
        "template": 3
      },
      "Anchor": 0,
      "Deviations": {
        "base1": 0,
        "base2": 2,
        "template": 3
      },
      "dev0_roles": [
        "base1"
      ]
    },
    {
      "Recipe": "PFY",
      "Base1": "P",
      "Base2": "F",
      "Template": "Y",
      "Tiers": {
        "base1": 0,
        "base2": 2,
        "template": 5
      },
      "Anchor": 0,
      "Deviations": {
        "base1": 0,
        "base2": 2,
        "template": 5
      },
      "dev0_roles": [
        "base1"
      ]
    },
    {
      "Recipe": "PXX",
      "Base1": "P",
      "Base2": "X",
      "Template": "X",
      "Tiers": {
        "base1": 0,
        "base2": 4,
        "template": 4
      },
      "Anchor": 0,
      "Deviations": {
        "base1": 0,
        "base2": 4,
        "template": 4
      },
      "dev0_roles": [
        "base1"
      ]
    },
    {
      "Recipe": "PXE",
      "Base1": "P",
      "Base2": "X",
      "Template": "E",
      "Tiers": {
        "base1": 0,
        "base2": 4,
        "template": 3
      },
      "Anchor": 0,
      "Deviations": {
        "base1": 0,
        "base2": 4,
        "template": 3
      },
      "dev0_roles": [
        "base1"
      ]
    },
    {
      "Recipe": "PXY",
      "Base1": "P",
      "Base2": "X",
      "Template": "Y",
      "Tiers": {
        "base1": 0,
        "base2": 4,
        "template": 5
      },
      "Anchor": 0,
      "Deviations": {
        "base1": 0,
        "base2": 4,
        "template": 5
      },
      "dev0_roles": [
        "base1"
      ]
    },
    {
      "Recipe": "PEE",
      "Base1": "P",
      "Base2": "E",
      "Template": "E",
      "Tiers": {
        "base1": 0,
        "base2": 3,
        "template": 3
      },
      "Anchor": 0,
      "Deviations": {
        "base1": 0,
        "base2": 3,
        "template": 3
      },
      "dev0_roles": [
        "base1"
      ]
    },
    {
      "Recipe": "PEY",
      "Base1": "P",
      "Base2": "E",
      "Template": "Y",
      "Tiers": {
        "base1": 0,
        "base2": 3,
        "template": 5
      },
      "Anchor": 0,
      "Deviations": {
        "base1": 0,
        "base2": 3,
        "template": 5
      },
      "dev0_roles": [
        "base1"
      ]
    },
    {
      "Recipe": "PYY",
      "Base1": "P",
      "Base2": "Y",
      "Template": "Y",
      "Tiers": {
        "base1": 0,
        "base2": 5,
        "template": 5
      },
      "Anchor": 0,
      "Deviations": {
        "base1": 0,
        "base2": 5,
        "template": 5
      },
      "dev0_roles": [
        "base1"
      ]
    },
    {
      "Recipe": "PYF",
      "Base1": "P",
      "Base2": "Y",
      "Template": "F",
      "Tiers": {
        "base1": 0,
        "base2": 5,
        "template": 2
      },
      "Anchor": 0,
      "Deviations": {
        "base1": 0,
        "base2": 5,
        "template": 2
      },
      "dev0_roles": [
        "base1"
      ]
    },
    {
      "Recipe": "YYP",
      "Base1": "Y",
      "Base2": "Y",
      "Template": "P",
      "Tiers": {
        "base1": 5,
        "base2": 5,
        "template": 0
      },
      "Anchor": 0,
      "Deviations": {
        "base1": 5,
        "base2": 5,
        "template": 0
      },
      "dev0_roles": [
        "template"
      ]
    },
    {
      "Recipe": "PYX",
      "Base1": "P",
      "Base2": "Y",
      "Template": "X",
      "Tiers": {
        "base1": 0,
        "base2": 5,
        "template": 4
      },
      "Anchor": 0,
      "Deviations": {
        "base1": 0,
        "base2": 5,
        "template": 4
      },
      "dev0_roles": [
        "base1"
      ]
    },
    {
      "Recipe": "CYE",
      "Base1": "C",
      "Base2": "Y",
      "Template": "E",
      "Tiers": {
        "base1": 1,
        "base2": 5,
        "template": 3
      },
      "Anchor": 1,
      "Deviations": {
        "base1": 0,
        "base2": 4,
        "template": 2
      },
      "dev0_roles": [
        "base1"
      ]
    },
    {
      "Recipe": "YCE",
      "Base1": "Y",
      "Base2": "C",
      "Template": "E",
      "Tiers": {
        "base1": 5,
        "base2": 1,
        "template": 3
      },
      "Anchor": 1,
      "Deviations": {
        "base1": 4,
        "base2": 0,
        "template": 2
      },
      "dev0_roles": [
        "base2"
      ]
    },
    {
      "Recipe": "CXY",
      "Base1": "C",
      "Base2": "X",
      "Template": "Y",
      "Tiers": {
        "base1": 1,
        "base2": 4,
        "template": 5
      },
      "Anchor": 1,
      "Deviations": {
        "base1": 0,
        "base2": 3,
        "template": 4
      },
      "dev0_roles": [
        "base1"
      ]
    },
    {
      "Recipe": "XFY",
      "Base1": "X",
      "Base2": "F",
      "Template": "Y",
      "Tiers": {
        "base1": 4,
        "base2": 2,
        "template": 5
      },
      "Anchor": 2,
      "Deviations": {
        "base1": 2,
        "base2": 0,
        "template": 3
      },
      "dev0_roles": [
        "base2"
      ]
    },
    {
      "Recipe": "FFP",
      "Base1": "F",
      "Base2": "F",
      "Template": "P",
      "Tiers": {
        "base1": 2,
        "base2": 2,
        "template": 0
      },
      "Anchor": 0,
      "Deviations": {
        "base1": 2,
        "base2": 2,
        "template": 0
      },
      "dev0_roles": [
        "template"
      ]
    },
    {
      "Recipe": "XXC",
      "Base1": "X",
      "Base2": "X",
      "Template": "C",
      "Tiers": {
        "base1": 4,
        "base2": 4,
        "template": 1
      },
      "Anchor": 1,
      "Deviations": {
        "base1": 3,
        "base2": 3,
        "template": 0
      },
      "dev0_roles": [
        "template"
      ]
    },
    {
      "Recipe": "CEX",
      "Base1": "C",
      "Base2": "E",
      "Template": "X",
      "Tiers": {
        "base1": 1,
        "base2": 3,
        "template": 4
      },
      "Anchor": 1,
      "Deviations": {
        "base1": 0,
        "base2": 2,
        "template": 3
      },
      "dev0_roles": [
        "base1"
      ]
    },
    {
      "Recipe": "CCY",
      "Base1": "C",
      "Base2": "C",
      "Template": "Y",
      "Tiers": {
        "base1": 1,
        "base2": 1,
        "template": 5
      },
      "Anchor": 1,
      "Deviations": {
        "base1": 0,
        "base2": 0,
        "template": 4
      },
      "dev0_roles": [
        "base1",
        "base2"
      ]
    },
    {
      "Recipe": "FFY",
      "Base1": "F",
      "Base2": "F",
      "Template": "Y",
      "Tiers": {
        "base1": 2,
        "base2": 2,
        "template": 5
      },
      "Anchor": 2,
      "Deviations": {
        "base1": 0,
        "base2": 0,
        "template": 3
      },
      "dev0_roles": [
        "base1",
        "base2"
      ]
    },
    {
      "Recipe": "YYC",
      "Base1": "Y",
      "Base2": "Y",
      "Template": "C",
      "Tiers": {
        "base1": 5,
        "base2": 5,
        "template": 1
      },
      "Anchor": 1,
      "Deviations": {
        "base1": 4,
        "base2": 4,
        "template": 0
      },
      "dev0_roles": [
        "template"
      ]
    },
    {
      "Recipe": "XXP",
      "Base1": "X",
      "Base2": "X",
      "Template": "P",
      "Tiers": {
        "base1": 4,
        "base2": 4,
        "template": 0
      },
      "Anchor": 0,
      "Deviations": {
        "base1": 4,
        "base2": 4,
        "template": 0
      },
      "dev0_roles": [
        "template"
      ]
    },
    {
      "Recipe": "PEX",
      "Base1": "P",
      "Base2": "E",
      "Template": "X",
      "Tiers": {
        "base1": 0,
        "base2": 3,
        "template": 4
      },
      "Anchor": 0,
      "Deviations": {
        "base1": 0,
        "base2": 3,
        "template": 4
      },
      "dev0_roles": [
        "base1"
      ]
    },
    {
      "Recipe": "FFX",
      "Base1": "F",
      "Base2": "F",
      "Template": "X",
      "Tiers": {
        "base1": 2,
        "base2": 2,
        "template": 4
      },
      "Anchor": 2,
      "Deviations": {
        "base1": 0,
        "base2": 0,
        "template": 2
      },
      "dev0_roles": [
        "base1",
        "base2"
      ]
    },
    {
      "Recipe": "CYP",
      "Base1": "C",
      "Base2": "Y",
      "Template": "P",
      "Tiers": {
        "base1": 1,
        "base2": 5,
        "template": 0
      },
      "Anchor": 0,
      "Deviations": {
        "base1": 1,
        "base2": 5,
        "template": 0
      },
      "dev0_roles": [
        "template"
      ]
    },
    {
      "Recipe": "EYF",
      "Base1": "E",
      "Base2": "Y",
      "Template": "F",
      "Tiers": {
        "base1": 3,
        "base2": 5,
        "template": 2
      },
      "Anchor": 2,
      "Deviations": {
        "base1": 1,
        "base2": 3,
        "template": 0
      },
      "dev0_roles": [
        "template"
      ]
    },
    {
      "Recipe": "FEY",
      "Base1": "F",
      "Base2": "E",
      "Template": "Y",
      "Tiers": {
        "base1": 2,
        "base2": 3,
        "template": 5
      },
      "Anchor": 2,
      "Deviations": {
        "base1": 0,
        "base2": 1,
        "template": 3
      },
      "dev0_roles": [
        "base1"
      ]
    },
    {
      "Recipe": "CCX",
      "Base1": "C",
      "Base2": "C",
      "Template": "X",
      "Tiers": {
        "base1": 1,
        "base2": 1,
        "template": 4
      },
      "Anchor": 1,
      "Deviations": {
        "base1": 0,
        "base2": 0,
        "template": 3
      },
      "dev0_roles": [
        "base1",
        "base2"
      ]
    },
    {
      "Recipe": "EEC",
      "Base1": "E",
      "Base2": "E",
      "Template": "C",
      "Tiers": {
        "base1": 3,
        "base2": 3,
        "template": 1
      },
      "Anchor": 1,
      "Deviations": {
        "base1": 2,
        "base2": 2,
        "template": 0
      },
      "dev0_roles": [
        "template"
      ]
    },
    {
      "Recipe": "FFE",
      "Base1": "F",
      "Base2": "F",
      "Template": "E",
      "Tiers": {
        "base1": 2,
        "base2": 2,
        "template": 3
      },
      "Anchor": 2,
      "Deviations": {
        "base1": 0,
        "base2": 0,
        "template": 1
      },
      "dev0_roles": [
        "base1",
        "base2"
      ]
    },
    {
      "Recipe": "XXY",
      "Base1": "X",
      "Base2": "X",
      "Template": "Y",
      "Tiers": {
        "base1": 4,
        "base2": 4,
        "template": 5
      },
      "Anchor": 4,
      "Deviations": {
        "base1": 0,
        "base2": 0,
        "template": 1
      },
      "dev0_roles": [
        "base1",
        "base2"
      ]
    },
    {
      "Recipe": "XYC",
      "Base1": "X",
      "Base2": "Y",
      "Template": "C",
      "Tiers": {
        "base1": 4,
        "base2": 5,
        "template": 1
      },
      "Anchor": 1,
      "Deviations": {
        "base1": 3,
        "base2": 4,
        "template": 0
      },
      "dev0_roles": [
        "template"
      ]
    },
    {
      "Recipe": "XYE",
      "Base1": "X",
      "Base2": "Y",
      "Template": "E",
      "Tiers": {
        "base1": 4,
        "base2": 5,
        "template": 3
      },
      "Anchor": 3,
      "Deviations": {
        "base1": 1,
        "base2": 2,
        "template": 0
      },
      "dev0_roles": [
        "template"
      ]
    },
    {
      "Recipe": "XYP",
      "Base1": "X",
      "Base2": "Y",
      "Template": "P",
      "Tiers": {
        "base1": 4,
        "base2": 5,
        "template": 0
      },
      "Anchor": 0,
      "Deviations": {
        "base1": 4,
        "base2": 5,
        "template": 0
      },
      "dev0_roles": [
        "template"
      ]
    },
    {
      "Recipe": "YFE",
      "Base1": "Y",
      "Base2": "F",
      "Template": "E",
      "Tiers": {
        "base1": 5,
        "base2": 2,
        "template": 3
      },
      "Anchor": 2,
      "Deviations": {
        "base1": 3,
        "base2": 0,
        "template": 1
      },
      "dev0_roles": [
        "base2"
      ]
    },
    {
      "Recipe": "YYE",
      "Base1": "Y",
      "Base2": "Y",
      "Template": "E",
      "Tiers": {
        "base1": 5,
        "base2": 5,
        "template": 3
      },
      "Anchor": 3,
      "Deviations": {
        "base1": 2,
        "base2": 2,
        "template": 0
      },
      "dev0_roles": [
        "template"
      ]
    },
    {
      "Recipe": "YYY",
      "Base1": "Y",
      "Base2": "Y",
      "Template": "Y",
      "Tiers": {
        "base1": 5,
        "base2": 5,
        "template": 5
      },
      "Anchor": 5,
      "Deviations": {
        "base1": 0,
        "base2": 0,
        "template": 0
      },
      "dev0_roles": [
        "base1",
        "base2",
        "template"
      ]
    },
    {
      "Recipe": "EEE",
      "Base1": "E",
      "Base2": "E",
      "Template": "E",
      "Tiers": {
        "base1": 3,
        "base2": 3,
        "template": 3
      },
      "Anchor": 3,
      "Deviations": {
        "base1": 0,
        "base2": 0,
        "template": 0
      },
      "dev0_roles": [
        "base1",
        "base2",
        "template"
      ]
    },
    {
      "Recipe": "XXX",
      "Base1": "X",
      "Base2": "X",
      "Template": "X",
      "Tiers": {
        "base1": 4,
        "base2": 4,
        "template": 4
      },
      "Anchor": 4,
      "Deviations": {
        "base1": 0,
        "base2": 0,
        "template": 0
      },
      "dev0_roles": [
        "base1",
        "base2",
        "template"
      ]
    },
    {
      "Recipe": "FFF",
      "Base1": "F",
      "Base2": "F",
      "Template": "F",
      "Tiers": {
        "base1": 2,
        "base2": 2,
        "template": 2
      },
      "Anchor": 2,
      "Deviations": {
        "base1": 0,
        "base2": 0,
        "template": 0
      },
      "dev0_roles": [
        "base1",
        "base2",
        "template"
      ]
    },
    {
      "Recipe": "CCC",
      "Base1": "C",
      "Base2": "C",
      "Template": "C",
      "Tiers": {
        "base1": 1,
        "base2": 1,
        "template": 1
      },
      "Anchor": 1,
      "Deviations": {
        "base1": 0,
        "base2": 0,
        "template": 0
      },
      "dev0_roles": [
        "base1",
        "base2",
        "template"
      ]
    },
    {
      "Recipe": "CFF",
      "Base1": "C",
      "Base2": "F",
      "Template": "F",
      "Tiers": {
        "base1": 1,
        "base2": 2,
        "template": 2
      },
      "Anchor": 1,
      "Deviations": {
        "base1": 0,
        "base2": 1,
        "template": 1
      },
      "dev0_roles": [
        "base1"
      ]
    },
    {
      "Recipe": "FXX",
      "Base1": "F",
      "Base2": "X",
      "Template": "X",
      "Tiers": {
        "base1": 2,
        "base2": 4,
        "template": 4
      },
      "Anchor": 2,
      "Deviations": {
        "base1": 0,
        "base2": 2,
        "template": 2
      },
      "dev0_roles": [
        "base1"
      ]
    },
    {
      "Recipe": "XEE",
      "Base1": "X",
      "Base2": "E",
      "Template": "E",
      "Tiers": {
        "base1": 4,
        "base2": 3,
        "template": 3
      },
      "Anchor": 3,
      "Deviations": {
        "base1": 1,
        "base2": 0,
        "template": 0
      },
      "dev0_roles": [
        "base2",
        "template"
      ]
    },
    {
      "Recipe": "EYY",
      "Base1": "E",
      "Base2": "Y",
      "Template": "Y",
      "Tiers": {
        "base1": 3,
        "base2": 5,
        "template": 5
      },
      "Anchor": 3,
      "Deviations": {
        "base1": 0,
        "base2": 2,
        "template": 2
      },
      "dev0_roles": [
        "base1"
      ]
    },
    {
      "Recipe": "CFX",
      "Base1": "C",
      "Base2": "F",
      "Template": "X",
      "Tiers": {
        "base1": 1,
        "base2": 2,
        "template": 4
      },
      "Anchor": 1,
      "Deviations": {
        "base1": 0,
        "base2": 1,
        "template": 3
      },
      "dev0_roles": [
        "base1"
      ]
    },
    {
      "Recipe": "FXE",
      "Base1": "F",
      "Base2": "X",
      "Template": "E",
      "Tiers": {
        "base1": 2,
        "base2": 4,
        "template": 3
      },
      "Anchor": 2,
      "Deviations": {
        "base1": 0,
        "base2": 2,
        "template": 1
      },
      "dev0_roles": [
        "base1"
      ]
    },
    {
      "Recipe": "XEY",
      "Base1": "X",
      "Base2": "E",
      "Template": "Y",
      "Tiers": {
        "base1": 4,
        "base2": 3,
        "template": 5
      },
      "Anchor": 3,
      "Deviations": {
        "base1": 1,
        "base2": 0,
        "template": 2
      },
      "dev0_roles": [
        "base2"
      ]
    },
    {
      "Recipe": "YXP",
      "Base1": "Y",
      "Base2": "X",
      "Template": "P",
      "Tiers": {
        "base1": 5,
        "base2": 4,
        "template": 0
      },
      "Anchor": 0,
      "Deviations": {
        "base1": 5,
        "base2": 4,
        "template": 0
      },
      "dev0_roles": [
        "template"
      ]
    },
    {
      "Recipe": "FCP",
      "Base1": "F",
      "Base2": "C",
      "Template": "P",
      "Tiers": {
        "base1": 2,
        "base2": 1,
        "template": 0
      },
      "Anchor": 0,
      "Deviations": {
        "base1": 2,
        "base2": 1,
        "template": 0
      },
      "dev0_roles": [
        "template"
      ]
    },
    {
      "Recipe": "YPP",
      "Base1": "Y",
      "Base2": "P",
      "Template": "P",
      "Tiers": {
        "base1": 5,
        "base2": 0,
        "template": 0
      },
      "Anchor": 0,
      "Deviations": {
        "base1": 5,
        "base2": 0,
        "template": 0
      },
      "dev0_roles": [
        "base2",
        "template"
      ]
    }
  ],
  "RecipeCount": 92,
  "ArchiveSHA256": "15a856e07665991075d17285a9b204254d8902bbe17264fb28ab5578257e618b"
}