[
  {
    "DeviationSignature": [
      0,
      0,
      1
    ],
    "NoTemplate": [
      71.43,
      28.57,
      0.0,
      0.0,
      0.0,
      0.0
    ],
    "WithTemplate": [
      55.56,
      44.44,
      0.0,
      0.0,
      0.0,
      0.0
    ],
    "Delta": [
      -15.87,
      15.87,
      0.0,
      0.0,
      0.0,
      0.0
    ],
    "TotalShift": 31.74
  },
  {
    "DeviationSignature": [
      0,
      0,
      2
    ],
    "NoTemplate": [
      66.67,
      11.11,
      22.22,
      0.0,
      0.0,
      0.0
    ],
    "WithTemplate": [
      54.55,
      9.09,
      36.36,
      0.0,
      0.0,
      0.0
    ],
    "Delta": [
      -12.12,
      -2.02,
      14.14,
      0.0,
      0.0,
      0.0
    ],
    "TotalShift": 28.28
  },
  {
    "DeviationSignature": [
      0,
      1,
      2
    ],
    "NoTemplate": [
      44.44,
      33.33,
      22.22,
      0.0,
      0.0,
      0.0
    ],
    "WithTemplate": [
      36.36,
      27.27,
      36.36,
      0.0,
      0.0,
      0.0
    ],
    "Delta": [
      -8.08,
      -6.06,
      14.14,
      0.0,
      0.0,
      0.0
    ],
    "TotalShift": 28.28
  },
  {
    "DeviationSignature": [
      0,
      1,
      3
    ],
    "NoTemplate": [
      41.67,
      33.33,
      8.33,
      16.67,
      0.0,
      0.0
    ],
    "WithTemplate": [
      35.71,
      28.57,
      7.14,
      28.57,
      0.0,
      0.0
    ],
    "Delta": [
      -5.96,
      -4.76,
      -1.19,
      11.9,
      0.0,
      0.0
    ],
    "TotalShift": 23.81
  },
  {
    "DeviationSignature": [
      0,
      2,
      3
    ],
    "NoTemplate": [
      41.67,
      16.67,
      25.0,
      16.67,
      0.0,
      0.0
    ],
    "WithTemplate": [
      35.71,
      14.29,
      21.43,
      28.57,
      0.0,
      0.0
    ],
    "Delta": [
      -5.96,
      -2.38,
      -3.57,
      11.9,
      0.0,
      0.0
    ],
    "TotalShift": 23.81
  },
  {
    "DeviationSignature": [
      0,
      0,
      3
    ],
    "NoTemplate": [
      58.33,
      16.67,
      8.33,
      16.67,
      0.0,
      0.0
    ],
    "WithTemplate": [
      50.0,
      14.29,
      7.14,
      28.57,
      0.0,
      0.0
    ],
    "Delta": [
      -8.33,
      -2.38,
      -1.19,
      11.9,
      0.0,
      0.0
    ],
    "TotalShift": 23.8
  },
  {
    "DeviationSignature": [
      0,
      2,
      2
    ],
    "NoTemplate": [
      44.44,
      11.11,
      44.44,
      0.0,
      0.0,
      0.0
    ],
    "WithTemplate": [
      36.36,
      9.09,
      54.55,
      0.0,
      0.0,
      0.0
    ],
    "Delta": [
      -8.08,
      -2.02,
      10.11,
      0.0,
      0.0,
      0.0
    ],
    "TotalShift": 20.21
  },
  {
    "DeviationSignature": [
      0,
      0,
      4
    ],
    "NoTemplate": [
      50.0,
      18.75,
      12.5,
      6.25,
      12.5,
      0.0
    ],
    "WithTemplate": [
      44.44,
      16.67,
      11.11,
      5.56,
      22.22,
      0.0
    ],
    "Delta": [
      -5.56,
      -2.08,
      -1.39,
      -0.69,
      9.72,
      0.0
    ],
    "TotalShift": 19.44
  },
  {
    "DeviationSignature": [
      0,
      1,
      4
    ],
    "NoTemplate": [
      37.5,
      31.25,
      12.5,
      6.25,
      12.5,
      0.0
    ],
    "WithTemplate": [
      33.33,
      27.78,
      11.11,
      5.56,
      22.22,
      0.0
    ],
    "Delta": [
      -4.17,
      -3.47,
      -1.39,
      -0.69,
      9.72,
      0.0
    ],
    "TotalShift": 19.44
  },
  {
    "DeviationSignature": [
      0,
      2,
      4
    ],
    "NoTemplate": [
      37.5,
      18.75,
      25.0,
      6.25,
      12.5,
      0.0
    ],
    "WithTemplate": [
      33.33,
      16.67,
      22.22,
      5.56,
      22.22,
      0.0
    ],
    "Delta": [
      -4.17,
      -2.08,
      -2.78,
      -0.69,
      9.72,
      0.0
    ],
    "TotalShift": 19.44
  },
  {
    "DeviationSignature": [
      0,
      3,
      4
    ],
    "NoTemplate": [
      37.5,
      18.75,
      12.5,
      18.75,
      12.5,
      0.0
    ],
    "WithTemplate": [
      33.33,
      16.67,
      11.11,
      16.67,
      22.22,
      0.0
    ],
    "Delta": [
      -4.17,
      -2.08,
      -1.39,
      -2.08,
      9.72,
      0.0
    ],
    "TotalShift": 19.44
  },
  {
    "DeviationSignature": [
      0,
      1,
      1
    ],
    "NoTemplate": [
      42.86,
      57.14,
      0.0,
      0.0,
      0.0,
      0.0
    ],
    "WithTemplate": [
      33.33,
      66.67,
      0.0,
      0.0,
      0.0,
      0.0
    ],
    "Delta": [
      -9.53,
      9.53,
      0.0,
      0.0,
      0.0,
      0.0
    ],
    "TotalShift": 19.06
  },
  {
    "DeviationSignature": [
      0,
      3,
      3
    ],
    "NoTemplate": [
      41.67,
      16.67,
      8.33,
      33.33,
      0.0,
      0.0
    ],
    "WithTemplate": [
      35.71,
      14.29,
      7.14,
      42.86,
      0.0,
      0.0
    ],
    "Delta": [
      -5.96,
      -2.38,
      -1.19,
      9.53,
      0.0,
      0.0
    ],
    "TotalShift": 19.06
  },
  {
    "DeviationSignature": [
      0,
      4,
      4
    ],
    "NoTemplate": [
      37.5,
      18.75,
      12.5,
      6.25,
      25.0,
      0.0
    ],
    "WithTemplate": [
      33.33,
      16.67,
      11.11,
      5.56,
      33.33,
      0.0
    ],
    "Delta": [
      -4.17,
      -2.08,
      -1.39,
      -0.69,
      8.33,
      0.0
    ],
    "TotalShift": 16.66
  },
  {
    "DeviationSignature": [
      0,
      3,
      5
    ],
    "NoTemplate": [
      33.33,
      19.05,
      14.29,
      19.05,
      4.76,
      9.52
    ],
    "WithTemplate": [
      30.43,
      17.39,
      13.04,
      17.39,
      4.35,
      17.39
    ],
    "Delta": [
      -2.9,
      -1.66,
      -1.25,
      -1.66,
      -0.41,
      7.87
    ],
    "TotalShift": 15.75
  },
  {
    "DeviationSignature": [
      0,
      4,
      5
    ],
    "NoTemplate": [
      33.33,
      19.05,
      14.29,
      9.52,
      14.29,
      9.52
    ],
    "WithTemplate": [
      30.43,
      17.39,
      13.04,
      8.7,
      13.04,
      17.39
    ],
    "Delta": [
      -2.9,
      -1.66,
      -1.25,
      -0.82,
      -1.25,
      7.87
    ],
    "TotalShift": 15.75
  },
  {
    "DeviationSignature": [
      0,
      0,
      5
    ],
    "NoTemplate": [
      42.86,
      19.05,
      14.29,
      9.52,
      4.76,
      9.52
    ],
    "WithTemplate": [
      39.13,
      17.39,
      13.04,
      8.7,
      4.35,
      17.39
    ],
    "Delta": [
      -3.73,
      -1.66,
      -1.25,
      -0.82,
      -0.41,
      7.87
    ],
    "TotalShift": 15.74
  },
  {
    "DeviationSignature": [
      0,
      1,
      5
    ],
    "NoTemplate": [
      33.33,
      28.57,
      14.29,
      9.52,
      4.76,
      9.52
    ],
    "WithTemplate": [
      30.43,
      26.09,
      13.04,
      8.7,
      4.35,
      17.39
    ],
    "Delta": [
      -2.9,
      -2.48,
      -1.25,
      -0.82,
      -0.41,
      7.87
    ],
    "TotalShift": 15.73
  },
  {
    "DeviationSignature": [
      0,
      2,
      5
    ],
    "NoTemplate": [
      33.33,
      19.05,
      23.81,
      9.52,
      4.76,
      9.52
    ],
    "WithTemplate": [
      30.43,
      17.39,
      21.74,
      8.7,
      4.35,
      17.39
    ],
    "Delta": [
      -2.9,
      -1.66,
      -2.07,
      -0.82,
      -0.41,
      7.87
    ],
    "TotalShift": 15.73
  },
  {
    "DeviationSignature": [
      0,
      5,
      5
    ],
    "NoTemplate": [
      33.33,
      19.05,
      14.29,
      9.52,
      4.76,
      19.05
    ],
    "WithTemplate": [
      30.43,
      17.39,
      13.04,
      8.7,
      4.35,
      26.09
    ],
    "Delta": [
      -2.9,
      -1.66,
      -1.25,
      -0.82,
      -0.41,
      7.04
    ],
    "TotalShift": 14.08
  }
]