{
  "(0, 0, 0)": [
    100.0,
    0.0,
    0.0,
    0.0,
    0.0,
    0.0
  ],
  "(0, 0, 1)": [
    71.43,
    28.57,
    0.0,
    0.0,
    0.0,
    0.0
  ],
  "(0, 0, 2)": [
    66.67,
    11.11,
    22.22,
    0.0,
    0.0,
    0.0
  ],
  "(0, 0, 3)": [
    58.33,
    16.67,
    8.33,
    16.67,
    0.0,
    0.0
  ],
  "(0, 0, 4)": [
    50.0,
    18.75,
    12.5,
    6.25,
    12.5,
    0.0
  ],
  "(0, 0, 5)": [
    42.86,
    19.05,
    14.29,
    9.52,
    4.76,
    9.52
  ],
  "(0, 1, 1)": [
    42.86,
    57.14,
    0.0,
    0.0,
    0.0,
    0.0
  ],
  "(0, 1, 2)": [
    44.44,
    33.33,
    22.22,
    0.0,
    0.0,
    0.0
  ],
  "(0, 1, 3)": [
    41.67,
    33.33,
    8.33,
    16.67,
    0.0,
    0.0
  ],
  "(0, 1, 4)": [
    37.5,
    31.25,
    12.5,
    6.25,
    12.5,
    0.0
  ],
  "(0, 1, 5)": [
    33.33,
    28.57,
    14.29,
    9.52,
    4.76,
    9.52
  ],
  "(0, 2, 2)": [
    44.44,
    11.11,
    44.44,
    0.0,
    0.0,
    0.0
  ],
  "(0, 2, 3)": [
    41.67,
    16.67,
    25.0,
    16.67,
    0.0,
    0.0
  ],
  "(0, 2, 4)": [
    37.5,
    18.75,
    25.0,
    6.25,
    12.5,
    0.0
  ],
  "(0, 2, 5)": [
    33.33,
    19.05,
    23.81,
    9.52,
    4.76,
    9.52
  ],
  "(0, 3, 3)": [
    41.67,
    16.67,
    8.33,
    33.33,
    0.0,
    0.0
  ],
  "(0, 3, 4)": [
    37.5,
    18.75,
    12.5,
    18.75,
    12.5,
    0.0
  ],
  "(0, 3, 5)": [
    33.33,
    19.05,
    14.29,
    19.05,
    4.76,
    9.52
  ],
  "(0, 4, 4)": [
    37.5,
    18.75,
    12.5,
    6.25,
    25.0,
    0.0
  ],
  "(0, 4, 5)": [
    33.33,
    19.05,
    14.29,
    9.52,
    14.29,
    9.52
  ],
  "(0, 5, 5)": [
    33.33,
    19.05,
    14.29,
    9.52,
    4.76,
    19.05
  ]
}