[
  {
    "Recipe":"CCC",
    "Input1":"C",
    "Input2":"C",
    "Input3":"C",
    "Output_P":0.0,
    "Output_C":100.0,
    "Output_F":0.0,
    "Output_X":0.0,
    "Output_E":0.0,
    "Output_Y":0.0
  },
  {
    "Recipe":"CCP",
    "Input1":"C",
    "Input2":"C",
    "Input3":"P",
    "Output_P":42.86,
    "Output_C":57.14,
    "Output_F":0.0,
    "Output_X":0.0,
    "Output_E":0.0,
    "Output_Y":0.0
  },
  {
    "Recipe":"CCY",
    "Input1":"C",
    "Input2":"C",
    "Input3":"Y",
    "Output_P":0.0,
    "Output_C":50.0,
    "Output_F":18.75,
    "Output_X":12.5,
    "Output_E":6.25,
    "Output_Y":12.5
  },
  {
    "Recipe":"CEF",
    "Input1":"C",
    "Input2":"E",
    "Input3":"F",
    "Output_P":0.0,
    "Output_C":41.67,
    "Output_F":33.33,
    "Output_X":8.33,
    "Output_E":16.67,
    "Output_Y":0.0
  },
  {
    "Recipe":"CEX",
    "Input1":"C",
    "Input2":"E",
    "Input3":"X",
    "Output_P":0.0,
    "Output_C":41.67,
    "Output_F":16.67,
    "Output_X":25.0,
    "Output_E":16.67,
    "Output_Y":0.0
  },
  {
    "Recipe":"CEY",
    "Input1":"C",
    "Input2":"E",
    "Input3":"Y",
    "Output_P":0.0,
    "Output_C":37.5,
    "Output_F":18.75,
    "Output_X":12.5,
    "Output_E":18.75,
    "Output_Y":12.5
  },
  {
    "Recipe":"CFE",
    "Input1":"C",
    "Input2":"F",
    "Input3":"E",
    "Output_P":0.0,
    "Output_C":41.67,
    "Output_F":33.33,
    "Output_X":8.33,
    "Output_E":16.67,
    "Output_Y":0.0
  },
  {
    "Recipe":"CFF",
    "Input1":"C",
    "Input2":"F",
    "Input3":"F",
    "Output_P":0.0,
    "Output_C":42.86,
    "Output_F":57.14,
    "Output_X":0.0,
    "Output_E":0.0,
    "Output_Y":0.0
  },
  {
    "Recipe":"CFP",
    "Input1":"C",
    "Input2":"F",
    "Input3":"P",
    "Output_P":44.44,
    "Output_C":33.33,
    "Output_F":22.22,
    "Output_X":0.0,
    "Output_E":0.0,
    "Output_Y":0.0
  },
  {
    "Recipe":"CFX",
    "Input1":"C",
    "Input2":"F",
    "Input3":"X",
    "Output_P":0.0,
    "Output_C":44.44,
    "Output_F":33.33,
    "Output_X":22.22,
    "Output_E":0.0,
    "Output_Y":0.0
  },
  {
    "Recipe":"CPC",
    "Input1":"C",
    "Input2":"P",
    "Input3":"C",
    "Output_P":42.86,
    "Output_C":57.14,
    "Output_F":0.0,
    "Output_X":0.0,
    "Output_E":0.0,
    "Output_Y":0.0
  },
  {
    "Recipe":"CPF",
    "Input1":"C",
    "Input2":"P",
    "Input3":"F",
    "Output_P":44.44,
    "Output_C":33.33,
    "Output_F":22.22,
    "Output_X":0.0,
    "Output_E":0.0,
    "Output_Y":0.0
  },
  {
    "Recipe":"CXE",
    "Input1":"C",
    "Input2":"X",
    "Input3":"E",
    "Output_P":0.0,
    "Output_C":41.67,
    "Output_F":16.67,
    "Output_X":25.0,
    "Output_E":16.67,
    "Output_Y":0.0
  },
  {
    "Recipe":"CXF",
    "Input1":"C",
    "Input2":"X",
    "Input3":"F",
    "Output_P":0.0,
    "Output_C":44.44,
    "Output_F":33.33,
    "Output_X":22.22,
    "Output_E":0.0,
    "Output_Y":0.0
  },
  {
    "Recipe":"CYC",
    "Input1":"C",
    "Input2":"Y",
    "Input3":"C",
    "Output_P":0.0,
    "Output_C":50.0,
    "Output_F":18.75,
    "Output_X":12.5,
    "Output_E":6.25,
    "Output_Y":12.5
  },
  {
    "Recipe":"CYE",
    "Input1":"C",
    "Input2":"Y",
    "Input3":"E",
    "Output_P":0.0,
    "Output_C":37.5,
    "Output_F":18.75,
    "Output_X":12.5,
    "Output_E":18.75,
    "Output_Y":12.5
  },
  {
    "Recipe":"ECF",
    "Input1":"E",
    "Input2":"C",
    "Input3":"F",
    "Output_P":0.0,
    "Output_C":41.67,
    "Output_F":33.33,
    "Output_X":8.33,
    "Output_E":16.67,
    "Output_Y":0.0
  },
  {
    "Recipe":"ECX",
    "Input1":"E",
    "Input2":"C",
    "Input3":"X",
    "Output_P":0.0,
    "Output_C":41.67,
    "Output_F":16.67,
    "Output_X":25.0,
    "Output_E":16.67,
    "Output_Y":0.0
  },
  {
    "Recipe":"ECY",
    "Input1":"E",
    "Input2":"C",
    "Input3":"Y",
    "Output_P":0.0,
    "Output_C":37.5,
    "Output_F":18.75,
    "Output_X":12.5,
    "Output_E":18.75,
    "Output_Y":12.5
  },
  {
    "Recipe":"EEE",
    "Input1":"E",
    "Input2":"E",
    "Input3":"E",
    "Output_P":0.0,
    "Output_C":0.0,
    "Output_F":0.0,
    "Output_X":0.0,
    "Output_E":100.0,
    "Output_Y":0.0
  },
  {
    "Recipe":"EEX",
    "Input1":"E",
    "Input2":"E",
    "Input3":"X",
    "Output_P":0.0,
    "Output_C":0.0,
    "Output_F":0.0,
    "Output_X":42.86,
    "Output_E":57.14,
    "Output_Y":0.0
  },
  {
    "Recipe":"EFC",
    "Input1":"E",
    "Input2":"F",
    "Input3":"C",
    "Output_P":0.0,
    "Output_C":41.67,
    "Output_F":33.33,
    "Output_X":8.33,
    "Output_E":16.67,
    "Output_Y":0.0
  },
  {
    "Recipe":"EFX",
    "Input1":"E",
    "Input2":"F",
    "Input3":"X",
    "Output_P":0.0,
    "Output_C":0.0,
    "Output_F":44.44,
    "Output_X":33.33,
    "Output_E":22.22,
    "Output_Y":0.0
  },
  {
    "Recipe":"EFY",
    "Input1":"E",
    "Input2":"F",
    "Input3":"Y",
    "Output_P":0.0,
    "Output_C":0.0,
    "Output_F":41.67,
    "Output_X":16.67,
    "Output_E":25.0,
    "Output_Y":16.67
  },
  {
    "Recipe":"EPP",
    "Input1":"E",
    "Input2":"P",
    "Input3":"P",
    "Output_P":50.0,
    "Output_C":18.75,
    "Output_F":12.5,
    "Output_X":6.25,
    "Output_E":12.5,
    "Output_Y":0.0
  },
  {
    "Recipe":"EPX",
    "Input1":"E",
    "Input2":"P",
    "Input3":"X",
    "Output_P":37.5,
    "Output_C":18.75,
    "Output_F":12.5,
    "Output_X":18.75,
    "Output_E":12.5,
    "Output_Y":0.0
  },
  {
    "Recipe":"EXC",
    "Input1":"E",
    "Input2":"X",
    "Input3":"C",
    "Output_P":0.0,
    "Output_C":41.67,
    "Output_F":16.67,
    "Output_X":25.0,
    "Output_E":16.67,
    "Output_Y":0.0
  },
  {
    "Recipe":"EXE",
    "Input1":"E",
    "Input2":"X",
    "Input3":"E",
    "Output_P":0.0,
    "Output_C":0.0,
    "Output_F":0.0,
    "Output_X":42.86,
    "Output_E":57.14,
    "Output_Y":0.0
  },
  {
    "Recipe":"EXF",
    "Input1":"E",
    "Input2":"X",
    "Input3":"F",
    "Output_P":0.0,
    "Output_C":0.0,
    "Output_F":44.44,
    "Output_X":33.33,
    "Output_E":22.22,
    "Output_Y":0.0
  },
  {
    "Recipe":"EXP",
    "Input1":"E",
    "Input2":"X",
    "Input3":"P",
    "Output_P":37.5,
    "Output_C":18.75,
    "Output_F":12.5,
    "Output_X":18.75,
    "Output_E":12.5,
    "Output_Y":0.0
  },
  {
    "Recipe":"EXY",
    "Input1":"E",
    "Input2":"X",
    "Input3":"Y",
    "Output_P":0.0,
    "Output_C":0.0,
    "Output_F":0.0,
    "Output_X":44.44,
    "Output_E":33.33,
    "Output_Y":22.22
  },
  {
    "Recipe":"EYC",
    "Input1":"E",
    "Input2":"Y",
    "Input3":"C",
    "Output_P":0.0,
    "Output_C":37.5,
    "Output_F":18.75,
    "Output_X":12.5,
    "Output_E":18.75,
    "Output_Y":12.5
  },
  {
    "Recipe":"EYF",
    "Input1":"E",
    "Input2":"Y",
    "Input3":"F",
    "Output_P":0.0,
    "Output_C":0.0,
    "Output_F":41.67,
    "Output_X":16.67,
    "Output_E":25.0,
    "Output_Y":16.67
  },
  {
    "Recipe":"EYX",
    "Input1":"E",
    "Input2":"Y",
    "Input3":"X",
    "Output_P":0.0,
    "Output_C":0.0,
    "Output_F":0.0,
    "Output_X":44.44,
    "Output_E":33.33,
    "Output_Y":22.22
  },
  {
    "Recipe":"EYY",
    "Input1":"E",
    "Input2":"Y",
    "Input3":"Y",
    "Output_P":0.0,
    "Output_C":0.0,
    "Output_F":0.0,
    "Output_X":0.0,
    "Output_E":42.86,
    "Output_Y":57.14
  },
  {
    "Recipe":"FCE",
    "Input1":"F",
    "Input2":"C",
    "Input3":"E",
    "Output_P":0.0,
    "Output_C":41.67,
    "Output_F":33.33,
    "Output_X":8.33,
    "Output_E":16.67,
    "Output_Y":0.0
  },
  {
    "Recipe":"FCF",
    "Input1":"F",
    "Input2":"C",
    "Input3":"F",
    "Output_P":0.0,
    "Output_C":42.86,
    "Output_F":57.14,
    "Output_X":0.0,
    "Output_E":0.0,
    "Output_Y":0.0
  },
  {
    "Recipe":"FCP",
    "Input1":"F",
    "Input2":"C",
    "Input3":"P",
    "Output_P":44.44,
    "Output_C":33.33,
    "Output_F":22.22,
    "Output_X":0.0,
    "Output_E":0.0,
    "Output_Y":0.0
  },
  {
    "Recipe":"FCX",
    "Input1":"F",
    "Input2":"C",
    "Input3":"X",
    "Output_P":0.0,
    "Output_C":44.44,
    "Output_F":33.33,
    "Output_X":22.22,
    "Output_E":0.0,
    "Output_Y":0.0
  },
  {
    "Recipe":"FEC",
    "Input1":"F",
    "Input2":"E",
    "Input3":"C",
    "Output_P":0.0,
    "Output_C":41.67,
    "Output_F":33.33,
    "Output_X":8.33,
    "Output_E":16.67,
    "Output_Y":0.0
  },
  {
    "Recipe":"FEX",
    "Input1":"F",
    "Input2":"E",
    "Input3":"X",
    "Output_P":0.0,
    "Output_C":0.0,
    "Output_F":44.44,
    "Output_X":33.33,
    "Output_E":22.22,
    "Output_Y":0.0
  },
  {
    "Recipe":"FEY",
    "Input1":"F",
    "Input2":"E",
    "Input3":"Y",
    "Output_P":0.0,
    "Output_C":0.0,
    "Output_F":41.67,
    "Output_X":16.67,
    "Output_E":25.0,
    "Output_Y":16.67
  },
  {
    "Recipe":"FFC",
    "Input1":"F",
    "Input2":"F",
    "Input3":"C",
    "Output_P":0.0,
    "Output_C":42.86,
    "Output_F":57.14,
    "Output_X":0.0,
    "Output_E":0.0,
    "Output_Y":0.0
  },
  {
    "Recipe":"FFF",
    "Input1":"F",
    "Input2":"F",
    "Input3":"F",
    "Output_P":0.0,
    "Output_C":0.0,
    "Output_F":100.0,
    "Output_X":0.0,
    "Output_E":0.0,
    "Output_Y":0.0
  },
  {
    "Recipe":"FPC",
    "Input1":"F",
    "Input2":"P",
    "Input3":"C",
    "Output_P":44.44,
    "Output_C":33.33,
    "Output_F":22.22,
    "Output_X":0.0,
    "Output_E":0.0,
    "Output_Y":0.0
  },
  {
    "Recipe":"FPX",
    "Input1":"F",
    "Input2":"P",
    "Input3":"X",
    "Output_P":41.67,
    "Output_C":16.67,
    "Output_F":25.0,
    "Output_X":16.67,
    "Output_E":0.0,
    "Output_Y":0.0
  },
  {
    "Recipe":"FPY",
    "Input1":"F",
    "Input2":"P",
    "Input3":"Y",
    "Output_P":33.33,
    "Output_C":19.05,
    "Output_F":23.81,
    "Output_X":9.52,
    "Output_E":4.76,
    "Output_Y":9.52
  },
  {
    "Recipe":"FXC",
    "Input1":"F",
    "Input2":"X",
    "Input3":"C",
    "Output_P":0.0,
    "Output_C":44.44,
    "Output_F":33.33,
    "Output_X":22.22,
    "Output_E":0.0,
    "Output_Y":0.0
  },
  {
    "Recipe":"FXE",
    "Input1":"F",
    "Input2":"X",
    "Input3":"E",
    "Output_P":0.0,
    "Output_C":0.0,
    "Output_F":44.44,
    "Output_X":33.33,
    "Output_E":22.22,
    "Output_Y":0.0
  },
  {
    "Recipe":"FXP",
    "Input1":"F",
    "Input2":"X",
    "Input3":"P",
    "Output_P":41.67,
    "Output_C":16.67,
    "Output_F":25.0,
    "Output_X":16.67,
    "Output_E":0.0,
    "Output_Y":0.0
  },
  {
    "Recipe":"FXX",
    "Input1":"F",
    "Input2":"X",
    "Input3":"X",
    "Output_P":0.0,
    "Output_C":0.0,
    "Output_F":42.86,
    "Output_X":57.14,
    "Output_E":0.0,
    "Output_Y":0.0
  },
  {
    "Recipe":"FXY",
    "Input1":"F",
    "Input2":"X",
    "Input3":"Y",
    "Output_P":0.0,
    "Output_C":0.0,
    "Output_F":41.67,
    "Output_X":33.33,
    "Output_E":8.33,
    "Output_Y":16.67
  },
  {
    "Recipe":"FYE",
    "Input1":"F",
    "Input2":"Y",
    "Input3":"E",
    "Output_P":0.0,
    "Output_C":0.0,
    "Output_F":41.67,
    "Output_X":16.67,
    "Output_E":25.0,
    "Output_Y":16.67
  },
  {
    "Recipe":"FYP",
    "Input1":"F",
    "Input2":"Y",
    "Input3":"P",
    "Output_P":33.33,
    "Output_C":19.05,
    "Output_F":23.81,
    "Output_X":9.52,
    "Output_E":4.76,
    "Output_Y":9.52
  },
  {
    "Recipe":"FYX",
    "Input1":"F",
    "Input2":"Y",
    "Input3":"X",
    "Output_P":0.0,
    "Output_C":0.0,
    "Output_F":41.67,
    "Output_X":33.33,
    "Output_E":8.33,
    "Output_Y":16.67
  },
  {
    "Recipe":"FYY",
    "Input1":"F",
    "Input2":"Y",
    "Input3":"Y",
    "Output_P":0.0,
    "Output_C":0.0,
    "Output_F":41.67,
    "Output_X":16.67,
    "Output_E":8.33,
    "Output_Y":33.33
  },
  {
    "Recipe":"PCC",
    "Input1":"P",
    "Input2":"C",
    "Input3":"C",
    "Output_P":42.86,
    "Output_C":57.14,
    "Output_F":0.0,
    "Output_X":0.0,
    "Output_E":0.0,
    "Output_Y":0.0
  },
  {
    "Recipe":"PCF",
    "Input1":"P",
    "Input2":"C",
    "Input3":"F",
    "Output_P":44.44,
    "Output_C":33.33,
    "Output_F":22.22,
    "Output_X":0.0,
    "Output_E":0.0,
    "Output_Y":0.0
  },
  {
    "Recipe":"PEP",
    "Input1":"P",
    "Input2":"E",
    "Input3":"P",
    "Output_P":50.0,
    "Output_C":18.75,
    "Output_F":12.5,
    "Output_X":6.25,
    "Output_E":12.5,
    "Output_Y":0.0
  },
  {
    "Recipe":"PEX",
    "Input1":"P",
    "Input2":"E",
    "Input3":"X",
    "Output_P":37.5,
    "Output_C":18.75,
    "Output_F":12.5,
    "Output_X":18.75,
    "Output_E":12.5,
    "Output_Y":0.0
  },
  {
    "Recipe":"PFC",
    "Input1":"P",
    "Input2":"F",
    "Input3":"C",
    "Output_P":44.44,
    "Output_C":33.33,
    "Output_F":22.22,
    "Output_X":0.0,
    "Output_E":0.0,
    "Output_Y":0.0
  },
  {
    "Recipe":"PFX",
    "Input1":"P",
    "Input2":"F",
    "Input3":"X",
    "Output_P":41.67,
    "Output_C":16.67,
    "Output_F":25.0,
    "Output_X":16.67,
    "Output_E":0.0,
    "Output_Y":0.0
  },
  {
    "Recipe":"PFY",
    "Input1":"P",
    "Input2":"F",
    "Input3":"Y",
    "Output_P":33.33,
    "Output_C":19.05,
    "Output_F":23.81,
    "Output_X":9.52,
    "Output_E":4.76,
    "Output_Y":9.52
  },
  {
    "Recipe":"PPE",
    "Input1":"P",
    "Input2":"P",
    "Input3":"E",
    "Output_P":50.0,
    "Output_C":18.75,
    "Output_F":12.5,
    "Output_X":6.25,
    "Output_E":12.5,
    "Output_Y":0.0
  },
  {
    "Recipe":"PPP",
    "Input1":"P",
    "Input2":"P",
    "Input3":"P",
    "Output_P":100.0,
    "Output_C":0.0,
    "Output_F":0.0,
    "Output_X":0.0,
    "Output_E":0.0,
    "Output_Y":0.0
  },
  {
    "Recipe":"PPY",
    "Input1":"P",
    "Input2":"P",
    "Input3":"Y",
    "Output_P":42.86,
    "Output_C":19.05,
    "Output_F":14.29,
    "Output_X":9.52,
    "Output_E":4.76,
    "Output_Y":9.52
  },
  {
    "Recipe":"PXE",
    "Input1":"P",
    "Input2":"X",
    "Input3":"E",
    "Output_P":37.5,
    "Output_C":18.75,
    "Output_F":12.5,
    "Output_X":18.75,
    "Output_E":12.5,
    "Output_Y":0.0
  },
  {
    "Recipe":"PXF",
    "Input1":"P",
    "Input2":"X",
    "Input3":"F",
    "Output_P":41.67,
    "Output_C":16.67,
    "Output_F":25.0,
    "Output_X":16.67,
    "Output_E":0.0,
    "Output_Y":0.0
  },
  {
    "Recipe":"PXY",
    "Input1":"P",
    "Input2":"X",
    "Input3":"Y",
    "Output_P":33.33,
    "Output_C":19.05,
    "Output_F":14.29,
    "Output_X":19.05,
    "Output_E":4.76,
    "Output_Y":9.52
  },
  {
    "Recipe":"PYF",
    "Input1":"P",
    "Input2":"Y",
    "Input3":"F",
    "Output_P":33.33,
    "Output_C":19.05,
    "Output_F":23.81,
    "Output_X":9.52,
    "Output_E":4.76,
    "Output_Y":9.52
  },
  {
    "Recipe":"PYP",
    "Input1":"P",
    "Input2":"Y",
    "Input3":"P",
    "Output_P":42.86,
    "Output_C":19.05,
    "Output_F":14.29,
    "Output_X":9.52,
    "Output_E":4.76,
    "Output_Y":9.52
  },
  {
    "Recipe":"PYX",
    "Input1":"P",
    "Input2":"Y",
    "Input3":"X",
    "Output_P":33.33,
    "Output_C":19.05,
    "Output_F":14.29,
    "Output_X":19.05,
    "Output_E":4.76,
    "Output_Y":9.52
  },
  {
    "Recipe":"PYY",
    "Input1":"P",
    "Input2":"Y",
    "Input3":"Y",
    "Output_P":33.33,
    "Output_C":19.05,
    "Output_F":14.29,
    "Output_X":9.52,
    "Output_E":4.76,
    "Output_Y":19.05
  },
  {
    "Recipe":"XCE",
    "Input1":"X",
    "Input2":"C",
    "Input3":"E",
    "Output_P":0.0,
    "Output_C":41.67,
    "Output_F":16.67,
    "Output_X":25.0,
    "Output_E":16.67,
    "Output_Y":0.0
  },
  {
    "Recipe":"XCF",
    "Input1":"X",
    "Input2":"C",
    "Input3":"F",
    "Output_P":0.0,
    "Output_C":44.44,
    "Output_F":33.33,
    "Output_X":22.22,
    "Output_E":0.0,
    "Output_Y":0.0
  },
  {
    "Recipe":"XEC",
    "Input1":"X",
    "Input2":"E",
    "Input3":"C",
    "Output_P":0.0,
    "Output_C":41.67,
    "Output_F":16.67,
    "Output_X":25.0,
    "Output_E":16.67,
    "Output_Y":0.0
  },
  {
    "Recipe":"XEE",
    "Input1":"X",
    "Input2":"E",
    "Input3":"E",
    "Output_P":0.0,
    "Output_C":0.0,
    "Output_F":0.0,
    "Output_X":42.86,
    "Output_E":57.14,
    "Output_Y":0.0
  },
  {
    "Recipe":"XEF",
    "Input1":"X",
    "Input2":"E",
    "Input3":"F",
    "Output_P":0.0,
    "Output_C":0.0,
    "Output_F":44.44,
    "Output_X":33.33,
    "Output_E":22.22,
    "Output_Y":0.0
  },
  {
    "Recipe":"XEP",
    "Input1":"X",
    "Input2":"E",
    "Input3":"P",
    "Output_P":37.5,
    "Output_C":18.75,
    "Output_F":12.5,
    "Output_X":18.75,
    "Output_E":12.5,
    "Output_Y":0.0
  },
  {
    "Recipe":"XEY",
    "Input1":"X",
    "Input2":"E",
    "Input3":"Y",
    "Output_P":0.0,
    "Output_C":0.0,
    "Output_F":0.0,
    "Output_X":44.44,
    "Output_E":33.33,
    "Output_Y":22.22
  },
  {
    "Recipe":"XFC",
    "Input1":"X",
    "Input2":"F",
    "Input3":"C",
    "Output_P":0.0,
    "Output_C":44.44,
    "Output_F":33.33,
    "Output_X":22.22,
    "Output_E":0.0,
    "Output_Y":0.0
  },
  {
    "Recipe":"XFE",
    "Input1":"X",
    "Input2":"F",
    "Input3":"E",
    "Output_P":0.0,
    "Output_C":0.0,
    "Output_F":44.44,
    "Output_X":33.33,
    "Output_E":22.22,
    "Output_Y":0.0
  },
  {
    "Recipe":"XFP",
    "Input1":"X",
    "Input2":"F",
    "Input3":"P",
    "Output_P":41.67,
    "Output_C":16.67,
    "Output_F":25.0,
    "Output_X":16.67,
    "Output_E":0.0,
    "Output_Y":0.0
  },
  {
    "Recipe":"XFX",
    "Input1":"X",
    "Input2":"F",
    "Input3":"X",
    "Output_P":0.0,
    "Output_C":0.0,
    "Output_F":42.86,
    "Output_X":57.14,
    "Output_E":0.0,
    "Output_Y":0.0
  },
  {
    "Recipe":"XFY",
    "Input1":"X",
    "Input2":"F",
    "Input3":"Y",
    "Output_P":0.0,
    "Output_C":0.0,
    "Output_F":41.67,
    "Output_X":33.33,
    "Output_E":8.33,
    "Output_Y":16.67
  },
  {
    "Recipe":"XPE",
    "Input1":"X",
    "Input2":"P",
    "Input3":"E",
    "Output_P":37.5,
    "Output_C":18.75,
    "Output_F":12.5,
    "Output_X":18.75,
    "Output_E":12.5,
    "Output_Y":0.0
  },
  {
    "Recipe":"XPF",
    "Input1":"X",
    "Input2":"P",
    "Input3":"F",
    "Output_P":41.67,
    "Output_C":16.67,
    "Output_F":25.0,
    "Output_X":16.67,
    "Output_E":0.0,
    "Output_Y":0.0
  },
  {
    "Recipe":"XPY",
    "Input1":"X",
    "Input2":"P",
    "Input3":"Y",
    "Output_P":33.33,
    "Output_C":19.05,
    "Output_F":14.29,
    "Output_X":19.05,
    "Output_E":4.76,
    "Output_Y":9.52
  },
  {
    "Recipe":"XXF",
    "Input1":"X",
    "Input2":"X",
    "Input3":"F",
    "Output_P":0.0,
    "Output_C":0.0,
    "Output_F":42.86,
    "Output_X":57.14,
    "Output_E":0.0,
    "Output_Y":0.0
  },
  {
    "Recipe":"XXX",
    "Input1":"X",
    "Input2":"X",
    "Input3":"X",
    "Output_P":0.0,
    "Output_C":0.0,
    "Output_F":0.0,
    "Output_X":100.0,
    "Output_E":0.0,
    "Output_Y":0.0
  },
  {
    "Recipe":"XYE",
    "Input1":"X",
    "Input2":"Y",
    "Input3":"E",
    "Output_P":0.0,
    "Output_C":0.0,
    "Output_F":0.0,
    "Output_X":44.44,
    "Output_E":33.33,
    "Output_Y":22.22
  },
  {
    "Recipe":"XYF",
    "Input1":"X",
    "Input2":"Y",
    "Input3":"F",
    "Output_P":0.0,
    "Output_C":0.0,
    "Output_F":41.67,
    "Output_X":33.33,
    "Output_E":8.33,
    "Output_Y":16.67
  },
  {
    "Recipe":"XYP",
    "Input1":"X",
    "Input2":"Y",
    "Input3":"P",
    "Output_P":33.33,
    "Output_C":19.05,
    "Output_F":14.29,
    "Output_X":19.05,
    "Output_E":4.76,
    "Output_Y":9.52
  },
  {
    "Recipe":"YCC",
    "Input1":"Y",
    "Input2":"C",
    "Input3":"C",
    "Output_P":0.0,
    "Output_C":50.0,
    "Output_F":18.75,
    "Output_X":12.5,
    "Output_E":6.25,
    "Output_Y":12.5
  },
  {
    "Recipe":"YCE",
    "Input1":"Y",
    "Input2":"C",
    "Input3":"E",
    "Output_P":0.0,
    "Output_C":37.5,
    "Output_F":18.75,
    "Output_X":12.5,
    "Output_E":18.75,
    "Output_Y":12.5
  },
  {
    "Recipe":"YEC",
    "Input1":"Y",
    "Input2":"E",
    "Input3":"C",
    "Output_P":0.0,
    "Output_C":37.5,
    "Output_F":18.75,
    "Output_X":12.5,
    "Output_E":18.75,
    "Output_Y":12.5
  },
  {
    "Recipe":"YEF",
    "Input1":"Y",
    "Input2":"E",
    "Input3":"F",
    "Output_P":0.0,
    "Output_C":0.0,
    "Output_F":41.67,
    "Output_X":16.67,
    "Output_E":25.0,
    "Output_Y":16.67
  },
  {
    "Recipe":"YEX",
    "Input1":"Y",
    "Input2":"E",
    "Input3":"X",
    "Output_P":0.0,
    "Output_C":0.0,
    "Output_F":0.0,
    "Output_X":44.44,
    "Output_E":33.33,
    "Output_Y":22.22
  },
  {
    "Recipe":"YEY",
    "Input1":"Y",
    "Input2":"E",
    "Input3":"Y",
    "Output_P":0.0,
    "Output_C":0.0,
    "Output_F":0.0,
    "Output_X":0.0,
    "Output_E":42.86,
    "Output_Y":57.14
  },
  {
    "Recipe":"YFE",
    "Input1":"Y",
    "Input2":"F",
    "Input3":"E",
    "Output_P":0.0,
    "Output_C":0.0,
    "Output_F":41.67,
    "Output_X":16.67,
    "Output_E":25.0,
    "Output_Y":16.67
  },
  {
    "Recipe":"YFP",
    "Input1":"Y",
    "Input2":"F",
    "Input3":"P",
    "Output_P":33.33,
    "Output_C":19.05,
    "Output_F":23.81,
    "Output_X":9.52,
    "Output_E":4.76,
    "Output_Y":9.52
  },
  {
    "Recipe":"YFX",
    "Input1":"Y",
    "Input2":"F",
    "Input3":"X",
    "Output_P":0.0,
    "Output_C":0.0,
    "Output_F":41.67,
    "Output_X":33.33,
    "Output_E":8.33,
    "Output_Y":16.67
  },
  {
    "Recipe":"YFY",
    "Input1":"Y",
    "Input2":"F",
    "Input3":"Y",
    "Output_P":0.0,
    "Output_C":0.0,
    "Output_F":41.67,
    "Output_X":16.67,
    "Output_E":8.33,
    "Output_Y":33.33
  },
  {
    "Recipe":"YPF",
    "Input1":"Y",
    "Input2":"P",
    "Input3":"F",
    "Output_P":33.33,
    "Output_C":19.05,
    "Output_F":23.81,
    "Output_X":9.52,
    "Output_E":4.76,
    "Output_Y":9.52
  },
  {
    "Recipe":"YPP",
    "Input1":"Y",
    "Input2":"P",
    "Input3":"P",
    "Output_P":42.86,
    "Output_C":19.05,
    "Output_F":14.29,
    "Output_X":9.52,
    "Output_E":4.76,
    "Output_Y":9.52
  },
  {
    "Recipe":"YPX",
    "Input1":"Y",
    "Input2":"P",
    "Input3":"X",
    "Output_P":33.33,
    "Output_C":19.05,
    "Output_F":14.29,
    "Output_X":19.05,
    "Output_E":4.76,
    "Output_Y":9.52
  },
  {
    "Recipe":"YPY",
    "Input1":"Y",
    "Input2":"P",
    "Input3":"Y",
    "Output_P":33.33,
    "Output_C":19.05,
    "Output_F":14.29,
    "Output_X":9.52,
    "Output_E":4.76,
    "Output_Y":19.05
  },
  {
    "Recipe":"YXE",
    "Input1":"Y",
    "Input2":"X",
    "Input3":"E",
    "Output_P":0.0,
    "Output_C":0.0,
    "Output_F":0.0,
    "Output_X":44.44,
    "Output_E":33.33,
    "Output_Y":22.22
  },
  {
    "Recipe":"YXF",
    "Input1":"Y",
    "Input2":"X",
    "Input3":"F",
    "Output_P":0.0,
    "Output_C":0.0,
    "Output_F":41.67,
    "Output_X":33.33,
    "Output_E":8.33,
    "Output_Y":16.67
  },
  {
    "Recipe":"YXP",
    "Input1":"Y",
    "Input2":"X",
    "Input3":"P",
    "Output_P":33.33,
    "Output_C":19.05,
    "Output_F":14.29,
    "Output_X":19.05,
    "Output_E":4.76,
    "Output_Y":9.52
  },
  {
    "Recipe":"YYE",
    "Input1":"Y",
    "Input2":"Y",
    "Input3":"E",
    "Output_P":0.0,
    "Output_C":0.0,
    "Output_F":0.0,
    "Output_X":0.0,
    "Output_E":42.86,
    "Output_Y":57.14
  },
  {
    "Recipe":"YYF",
    "Input1":"Y",
    "Input2":"Y",
    "Input3":"F",
    "Output_P":0.0,
    "Output_C":0.0,
    "Output_F":41.67,
    "Output_X":16.67,
    "Output_E":8.33,
    "Output_Y":33.33
  },
  {
    "Recipe":"YYP",
    "Input1":"Y",
    "Input2":"Y",
    "Input3":"P",
    "Output_P":33.33,
    "Output_C":19.05,
    "Output_F":14.29,
    "Output_X":9.52,
    "Output_E":4.76,
    "Output_Y":19.05
  },
  {
    "Recipe":"YYY",
    "Input1":"Y",
    "Input2":"Y",
    "Input3":"Y",
    "Output_P":0.0,
    "Output_C":0.0,
    "Output_F":0.0,
    "Output_X":0.0,
    "Output_E":0.0,
    "Output_Y":100.0
  }
]