[
  {
    "Input1": "Y",
    "Input2": "F",
    "Template": "Y",
    "DeviationSignature": [
      3,
      0,
      3
    ],
    "Output": [
      0.0,
      0.0,
      35.71,
      14.29,
      7.14,
      42.86
    ],
    "Recipe": "YFY"
  },
  {
    "Input1": "P",
    "Input2": "Y",
    "Template": "E",
    "DeviationSignature": [
      0,
      5,
      4
    ],
    "Output": [
      30.43,
      17.39,
      13.04,
      8.7,
      21.74,
      8.7
    ],
    "Recipe": "PYE"
  },
  {
    "Input1": "F",
    "Input2": "E",
    "Template": "X",
    "DeviationSignature": [
      0,
      2,
      1
    ],
    "Output": [
      0.0,
      0.0,
      36.36,
      45.45,
      18.18,
      0.0
    ],
    "Recipe": "FEX"
  },
  {
    "Input1": "P",
    "Input2": "Y",
    "Template": "C",
    "DeviationSignature": [
      0,
      5,
      1
    ],
    "Output": [
      30.43,
      34.78,
      13.04,
      8.7,
      4.35,
      8.7
    ],
    "Recipe": "PYC"
  },
  {
    "Input1": "P",
    "Input2": "C",
    "Template": "P",
    "DeviationSignature": [
      0,
      1,
      0
    ],
    "Output": [
      77.78,
      22.22,
      0,
      0,
      0,
      0
    ],
    "Recipe": "PCP"
  },
  {
    "Input1": "P",
    "Input2": "F",
    "Template": "P",
    "DeviationSignature": [
      0,
      2,
      0
    ],
    "Output": [
      72.73,
      9.09,
      18.18,
      0,
      0,
      0
    ],
    "Recipe": "PFP"
  },
  {
    "Input1": "P",
    "Input2": "F",
    "Template": "C",
    "DeviationSignature": [
      0,
      2,
      1
    ],
    "Output": [
      36.36,
      45.45,
      18.18,
      0,
      0,
      0
    ],
    "Recipe": "PFC"
  },
  {
    "Input1": "P",
    "Input2": "X",
    "Template": "P",
    "DeviationSignature": [
      0,
      3,
      0
    ],
    "Output": [
      64.29,
      14.29,
      7.14,
      14.29,
      0,
      0
    ],
    "Recipe": "PXP"
  },
  {
    "Input1": "P",
    "Input2": "X",
    "Template": "C",
    "DeviationSignature": [
      0,
      3,
      1
    ],
    "Output": [
      35.71,
      42.86,
      7.14,
      14.29,
      0,
      0
    ],
    "Recipe": "PXC"
  },
  {
    "Input1": "P",
    "Input2": "X",
    "Template": "F",
    "DeviationSignature": [
      0,
      3,
      2
    ],
    "Output": [
      35.71,
      14.29,
      35.71,
      14.29,
      0,
      0
    ],
    "Recipe": "PXF"
  },
  {
    "Input1": "P",
    "Input2": "E",
    "Template": "P",
    "DeviationSignature": [
      0,
      4,
      0
    ],
    "Output": [
      55.56,
      16.67,
      11.11,
      5.56,
      11.11,
      0
    ],
    "Recipe": "PEP"
  },
  {
    "Input1": "P",
    "Input2": "E",
    "Template": "F",
    "DeviationSignature": [
      0,
      4,
      2
    ],
    "Output": [
      33.33,
      16.67,
      33.33,
      5.56,
      11.11,
      0
    ],
    "Recipe": "PEF"
  },
  {
    "Input1": "P",
    "Input2": "Y",
    "Template": "P",
    "DeviationSignature": [
      0,
      5,
      0
    ],
    "Output": [
      47.83,
      17.39,
      13.04,
      8.7,
      4.35,
      8.7
    ],
    "Recipe": "PYP"
  },
  {
    "Input1": "C",
    "Input2": "P",
    "Template": "P",
    "DeviationSignature": [
      1,
      0,
      0
    ],
    "Output": [
      77.78,
      22.22,
      0,
      0,
      0,
      0
    ],
    "Recipe": "CPP"
  },
  {
    "Input1": "C",
    "Input2": "F",
    "Template": "P",
    "DeviationSignature": [
      1,
      2,
      0
    ],
    "Output": [
      54.55,
      27.27,
      18.18,
      0,
      0,
      0
    ],
    "Recipe": "CFP"
  },
  {
    "Input1": "C",
    "Input2": "X",
    "Template": "P",
    "DeviationSignature": [
      1,
      3,
      0
    ],
    "Output": [
      50,
      28.57,
      7.14,
      14.29,
      0,
      0
    ],
    "Recipe": "CXP"
  },
  {
    "Input1": "C",
    "Input2": "E",
    "Template": "P",
    "DeviationSignature": [
      1,
      4,
      0
    ],
    "Output": [
      44.44,
      27.78,
      11.11,
      5.56,
      11.11,
      0
    ],
    "Recipe": "CEP"
  },
  {
    "Input1": "F",
    "Input2": "P",
    "Template": "C",
    "DeviationSignature": [
      2,
      0,
      1
    ],
    "Output": [
      36.36,
      45.45,
      18.18,
      0,
      0,
      0
    ],
    "Recipe": "FPC"
  },
  {
    "Recipe": "FCC",
    "Input1": "F",
    "Input2": "C",
    "Template": "C",
    "DeviationSignature": [
      2,
      1,
      1
    ],
    "Output": [
      0,
      77.78,
      22.22,
      0,
      0,
      0
    ]
  },
  {
    "Input1": "X",
    "Input2": "P",
    "Template": "P",
    "DeviationSignature": [
      3,
      0,
      0
    ],
    "Output": [
      64.29,
      14.29,
      7.14,
      14.29,
      0,
      0
    ],
    "Recipe": "XPP"
  },
  {
    "Input1": "X",
    "Input2": "C",
    "Template": "P",
    "DeviationSignature": [
      3,
      1,
      0
    ],
    "Output": [
      50,
      28.57,
      7.14,
      14.29,
      0,
      0
    ],
    "Recipe": "XCP"
  },
  {
    "Input1": "X",
    "Input2": "F",
    "Template": "P",
    "DeviationSignature": [
      3,
      2,
      0
    ],
    "Output": [
      50,
      14.29,
      21.43,
      14.29,
      0,
      0
    ],
    "Recipe": "XFP"
  },
  {
    "Input1": "E",
    "Input2": "C",
    "Template": "P",
    "DeviationSignature": [
      4,
      1,
      0
    ],
    "Output": [
      44.44,
      27.78,
      11.11,
      5.56,
      11.11,
      0
    ],
    "Recipe": "ECP"
  },
  {
    "Input1": "E",
    "Input2": "F",
    "Template": "P",
    "DeviationSignature": [
      4,
      2,
      0
    ],
    "Output": [
      44.44,
      16.67,
      22.22,
      5.56,
      11.11,
      0
    ],
    "Recipe": "EFP"
  },
  {
    "Input1": "E",
    "Input2": "X",
    "Template": "P",
    "DeviationSignature": [
      4,
      3,
      0
    ],
    "Output": [
      44.44,
      16.67,
      11.11,
      16.67,
      11.11,
      0
    ],
    "Recipe": "EXP"
  },
  {
    "Input1": "Y",
    "Input2": "C",
    "Template": "P",
    "DeviationSignature": [
      5,
      1,
      0
    ],
    "Output": [
      39.13,
      26.09,
      13.04,
      8.7,
      4.35,
      8.7
    ],
    "Recipe": "YCP"
  },
  {
    "Input1": "Y",
    "Input2": "F",
    "Template": "P",
    "DeviationSignature": [
      5,
      2,
      0
    ],
    "Output": [
      39.13,
      17.39,
      21.74,
      8.7,
      4.35,
      8.7
    ],
    "Recipe": "YFP"
  },
  {
    "Input1": "P",
    "Input2": "E",
    "Template": "C",
    "DeviationSignature": [
      0,
      4,
      1
    ],
    "Output": [
      33.33,
      38.89,
      11.11,
      5.56,
      11.11,
      0.0
    ],
    "Recipe": "PEC"
  },
  {
    "Input1": "P",
    "Input2": "P",
    "Template": "P",
    "DeviationSignature": [
      0,
      0,
      0
    ],
    "Output": [
      100.0,
      0.0,
      0.0,
      0.0,
      0.0,
      0.0
    ],
    "Recipe": "PPP"
  },
  {
    "Input1": "P",
    "Input2": "P",
    "Template": "C",
    "DeviationSignature": [
      0,
      0,
      1
    ],
    "Output": [
      55.56,
      44.44,
      0.0,
      0.0,
      0.0,
      0.0
    ],
    "Recipe": "PPC"
  },
  {
    "Input1": "P",
    "Input2": "P",
    "Template": "F",
    "DeviationSignature": [
      0,
      0,
      2
    ],
    "Output": [
      54.55,
      9.09,
      36.36,
      0.0,
      0.0,
      0.0
    ],
    "Recipe": "PPF"
  },
  {
    "Input1": "P",
    "Input2": "P",
    "Template": "X",
    "DeviationSignature": [
      0,
      0,
      3
    ],
    "Output": [
      50.0,
      14.29,
      7.14,
      28.57,
      0.0,
      0.0
    ],
    "Recipe": "PPX"
  },
  {
    "Input1": "P",
    "Input2": "P",
    "Template": "E",
    "DeviationSignature": [
      0,
      0,
      4
    ],
    "Output": [
      44.44,
      16.67,
      11.11,
      5.56,
      22.22,
      0.0
    ],
    "Recipe": "PPE"
  },
  {
    "Input1": "P",
    "Input2": "P",
    "Template": "Y",
    "DeviationSignature": [
      0,
      0,
      5
    ],
    "Output": [
      39.13,
      17.39,
      13.04,
      8.7,
      4.35,
      17.39
    ],
    "Recipe": "PPY"
  },
  {
    "Input1": "P",
    "Input2": "C",
    "Template": "C",
    "DeviationSignature": [
      0,
      1,
      1
    ],
    "Output": [
      33.33,
      66.67,
      0.0,
      0.0,
      0.0,
      0.0
    ],
    "Recipe": "PCC"
  },
  {
    "Input1": "P",
    "Input2": "C",
    "Template": "F",
    "DeviationSignature": [
      0,
      1,
      2
    ],
    "Output": [
      36.36,
      27.27,
      36.36,
      0.0,
      0.0,
      0.0
    ],
    "Recipe": "PCF"
  },
  {
    "Input1": "P",
    "Input2": "C",
    "Template": "X",
    "DeviationSignature": [
      0,
      1,
      3
    ],
    "Output": [
      35.71,
      28.57,
      7.14,
      28.57,
      0.0,
      0.0
    ],
    "Recipe": "PCX"
  },
  {
    "Input1": "P",
    "Input2": "C",
    "Template": "E",
    "DeviationSignature": [
      0,
      1,
      4
    ],
    "Output": [
      33.33,
      27.78,
      11.11,
      5.56,
      22.22,
      0.0
    ],
    "Recipe": "PCE"
  },
  {
    "Input1": "P",
    "Input2": "C",
    "Template": "Y",
    "DeviationSignature": [
      0,
      1,
      5
    ],
    "Output": [
      30.43,
      26.09,
      13.04,
      8.7,
      4.35,
      17.39
    ],
    "Recipe": "PCY"
  },
  {
    "Input1": "P",
    "Input2": "F",
    "Template": "F",
    "DeviationSignature": [
      0,
      2,
      2
    ],
    "Output": [
      36.36,
      9.09,
      54.55,
      0.0,
      0.0,
      0.0
    ],
    "Recipe": "PFF"
  },
  {
    "Input1": "P",
    "Input2": "F",
    "Template": "X",
    "DeviationSignature": [
      0,
      2,
      3
    ],
    "Output": [
      35.71,
      14.29,
      21.43,
      28.57,
      0.0,
      0.0
    ],
    "Recipe": "PFX"
  },
  {
    "Input1": "P",
    "Input2": "F",
    "Template": "E",
    "DeviationSignature": [
      0,
      2,
      4
    ],
    "Output": [
      33.33,
      16.67,
      22.22,
      5.56,
      22.22,
      0.0
    ],
    "Recipe": "PFE"
  },
  {
    "Input1": "P",
    "Input2": "F",
    "Template": "Y",
    "DeviationSignature": [
      0,
      2,
      5
    ],
    "Output": [
      30.43,
      17.39,
      21.74,
      8.7,
      4.35,
      17.39
    ],
    "Recipe": "PFY"
  },
  {
    "Input1": "P",
    "Input2": "X",
    "Template": "X",
    "DeviationSignature": [
      0,
      3,
      3
    ],
    "Output": [
      35.71,
      14.29,
      7.14,
      42.86,
      0.0,
      0.0
    ],
    "Recipe": "PXX"
  },
  {
    "Input1": "P",
    "Input2": "X",
    "Template": "E",
    "DeviationSignature": [
      0,
      3,
      4
    ],
    "Output": [
      33.33,
      16.67,
      11.11,
      16.67,
      22.22,
      0.0
    ],
    "Recipe": "PXE"
  },
  {
    "Input1": "P",
    "Input2": "X",
    "Template": "Y",
    "DeviationSignature": [
      0,
      3,
      5
    ],
    "Output": [
      30.43,
      17.39,
      13.04,
      17.39,
      4.35,
      17.39
    ],
    "Recipe": "PXY"
  },
  {
    "Input1": "P",
    "Input2": "E",
    "Template": "E",
    "DeviationSignature": [
      0,
      4,
      4
    ],
    "Output": [
      33.33,
      16.67,
      11.11,
      5.56,
      33.33,
      0.0
    ],
    "Recipe": "PEE"
  },
  {
    "Input1": "P",
    "Input2": "E",
    "Template": "Y",
    "DeviationSignature": [
      0,
      4,
      5
    ],
    "Output": [
      30.43,
      17.39,
      13.04,
      8.7,
      13.04,
      17.39
    ],
    "Recipe": "PEY"
  },
  {
    "Input1": "P",
    "Input2": "Y",
    "Template": "Y",
    "DeviationSignature": [
      0,
      5,
      5
    ],
    "Output": [
      30.43,
      17.39,
      13.04,
      8.7,
      4.35,
      26.09
    ],
    "Recipe": "PYY"
  },
  {
    "Input1": "P",
    "Input2": "Y",
    "Template": "F",
    "DeviationSignature": [
      0,
      5,
      2
    ],
    "Output": [
      30.43,
      17.39,
      30.43,
      8.7,
      4.35,
      8.7
    ],
    "Recipe": "PYF"
  },
  {
    "Input1": "Y",
    "Input2": "Y",
    "Template": "P",
    "DeviationSignature": [
      5,
      5,
      0
    ],
    "Output": [
      39.13,
      17.39,
      13.04,
      8.7,
      4.35,
      17.39
    ],
    "Recipe": "YYP"
  },
  {
    "Input1": "P",
    "Input2": "Y",
    "Template": "X",
    "DeviationSignature": [
      0,
      5,
      3
    ],
    "Output": [
      30.43,
      17.39,
      13.04,
      26.09,
      4.35,
      8.7
    ],
    "Recipe": "PYX"
  },
  {
    "Input1": "C",
    "Input2": "Y",
    "Template": "E",
    "DeviationSignature": [
      0,
      4,
      3
    ],
    "Output": [
      0.0,
      33.33,
      16.67,
      11.11,
      27.78,
      11.11
    ],
    "Recipe": "CYE"
  },
  {
    "Input1": "Y",
    "Input2": "C",
    "Template": "E",
    "DeviationSignature": [
      4,
      0,
      3
    ],
    "Output": [
      0.0,
      33.33,
      16.67,
      11.11,
      27.78,
      11.11
    ],
    "Recipe": "YCE"
  },
  {
    "Input1": "C",
    "Input2": "X",
    "Template": "Y",
    "DeviationSignature": [
      0,
      2,
      4
    ],
    "Output": [
      0.0,
      33.33,
      16.67,
      22.22,
      5.56,
      22.22
    ],
    "Recipe": "CXY"
  },
  {
    "Input1": "X",
    "Input2": "F",
    "Template": "Y",
    "DeviationSignature": [
      1,
      0,
      3
    ],
    "Output": [
      0.0,
      0.0,
      35.71,
      28.57,
      7.14,
      28.57
    ],
    "Recipe": "XFY"
  },
  {
    "Input1": "F",
    "Input2": "F",
    "Template": "P",
    "DeviationSignature": [
      2,
      2,
      0
    ],
    "Output": [
      54.55,
      9.09,
      36.36,
      0.0,
      0.0,
      0.0
    ],
    "Recipe": "FFP"
  },
  {
    "Input1": "X",
    "Input2": "X",
    "Template": "C",
    "DeviationSignature": [
      2,
      2,
      0
    ],
    "Output": [
      0.0,
      54.55,
      9.09,
      36.36,
      0.0,
      0.0
    ],
    "Recipe": "XXC"
  },
  {
    "Input1": "C",
    "Input2": "E",
    "Template": "X",
    "DeviationSignature": [
      0,
      3,
      2
    ],
    "Output": [
      0.0,
      35.71,
      14.29,
      35.71,
      14.29,
      0.0
    ],
    "Recipe": "CEX"
  },
  {
    "Input1": "C",
    "Input2": "C",
    "Template": "Y",
    "DeviationSignature": [
      0,
      0,
      4
    ],
    "Output": [
      0.0,
      44.44,
      16.67,
      11.11,
      5.56,
      22.22
    ],
    "Recipe": "CCY"
  },
  {
    "Input1": "F",
    "Input2": "F",
    "Template": "Y",
    "DeviationSignature": [
      0,
      0,
      3
    ],
    "Output": [
      0.0,
      0.0,
      50.0,
      14.29,
      7.14,
      28.57
    ],
    "Recipe": "FFY"
  },
  {
    "Input1": "Y",
    "Input2": "Y",
    "Template": "C",
    "DeviationSignature": [
      4,
      4,
      0
    ],
    "Output": [
      0.0,
      44.44,
      16.67,
      11.11,
      5.56,
      22.22
    ],
    "Recipe": "YYC"
  },
  {
    "Input1": "X",
    "Input2": "X",
    "Template": "P",
    "DeviationSignature": [
      3,
      3,
      0
    ],
    "Output": [
      50.0,
      14.29,
      7.14,
      28.57,
      0.0,
      0.0
    ],
    "Recipe": "XXP"
  },
  {
    "Input1": "P",
    "Input2": "E",
    "Template": "X",
    "DeviationSignature": [
      0,
      4,
      3
    ],
    "Output": [
      33.33,
      16.67,
      11.11,
      27.78,
      11.11,
      0.0
    ],
    "Recipe": "PEX"
  },
  {
    "Input1": "F",
    "Input2": "F",
    "Template": "X",
    "DeviationSignature": [
      0,
      0,
      1
    ],
    "Output": [
      0.0,
      0.0,
      55.56,
      44.44,
      0.0,
      0.0
    ],
    "Recipe": "FFX"
  },
  {
    "Input1": "C",
    "Input2": "Y",
    "Template": "P",
    "DeviationSignature": [
      1,
      5,
      0
    ],
    "Output": [
      39.13,
      26.09,
      13.04,
      8.7,
      4.35,
      8.7
    ],
    "Recipe": "CYP"
  },
  {
    "Input1": "E",
    "Input2": "Y",
    "Template": "F",
    "DeviationSignature": [
      2,
      3,
      0
    ],
    "Output": [
      0.0,
      0.0,
      50.0,
      14.29,
      21.43,
      14.29
    ],
    "Recipe": "EYF"
  },
  {
    "Input1": "F",
    "Input2": "E",
    "Template": "Y",
    "DeviationSignature": [
      0,
      2,
      3
    ],
    "Output": [
      0.0,
      0.0,
      35.71,
      14.29,
      21.43,
      28.57
    ],
    "Recipe": "FEY"
  },
  {
    "Input1": "C",
    "Input2": "C",
    "Template": "X",
    "DeviationSignature": [
      0,
      0,
      2
    ],
    "Output": [
      0.0,
      54.55,
      9.09,
      36.36,
      0.0,
      0.0
    ],
    "Recipe": "CCX"
  },
  {
    "Input1": "E",
    "Input2": "E",
    "Template": "C",
    "DeviationSignature": [
      3,
      3,
      0
    ],
    "Output": [
      0.0,
      50.0,
      14.29,
      7.14,
      28.57,
      0.0
    ],
    "Recipe": "EEC"
  },
  {
    "Input1": "F",
    "Input2": "F",
    "Template": "E",
    "DeviationSignature": [
      0,
      0,
      2
    ],
    "Output": [
      0.0,
      0.0,
      54.55,
      9.09,
      36.36,
      0.0
    ],
    "Recipe": "FFE"
  },
  {
    "Input1": "X",
    "Input2": "X",
    "Template": "Y",
    "DeviationSignature": [
      0,
      0,
      2
    ],
    "Output": [
      0.0,
      0.0,
      0.0,
      54.55,
      9.09,
      36.36
    ],
    "Recipe": "XXY"
  },
  {
    "Input1": "X",
    "Input2": "Y",
    "Template": "C",
    "DeviationSignature": [
      2,
      4,
      0
    ],
    "Output": [
      0.0,
      44.44,
      16.67,
      22.22,
      5.56,
      11.11
    ],
    "Recipe": "XYC"
  },
  {
    "Input1": "X",
    "Input2": "Y",
    "Template": "E",
    "DeviationSignature": [
      0,
      2,
      1
    ],
    "Output": [
      0.0,
      0.0,
      0.0,
      36.36,
      45.45,
      18.18
    ],
    "Recipe": "XYE"
  },
  {
    "Input1": "X",
    "Input2": "Y",
    "Template": "P",
    "DeviationSignature": [
      3,
      5,
      0
    ],
    "Output": [
      39.13,
      17.39,
      13.04,
      17.39,
      4.35,
      8.7
    ],
    "Recipe": "XYP"
  },
  {
    "Input1": "Y",
    "Input2": "F",
    "Template": "E",
    "DeviationSignature": [
      3,
      0,
      2
    ],
    "Output": [
      0.0,
      0.0,
      35.71,
      14.29,
      35.71,
      14.29
    ],
    "Recipe": "YFE"
  },
  {
    "Input1": "Y",
    "Input2": "Y",
    "Template": "E",
    "DeviationSignature": [
      1,
      1,
      0
    ],
    "Output": [
      0.0,
      0.0,
      0.0,
      0.0,
      55.56,
      44.44
    ],
    "Recipe": "YYE"
  },
  {
    "Input1": "Y",
    "Input2": "Y",
    "Template": "Y",
    "DeviationSignature": [
      0,
      0,
      0
    ],
    "Output": [
      0,
      0,
      0,
      0,
      0,
      100
    ],
    "Recipe": "YYY"
  },
  {
    "Input1": "E",
    "Input2": "E",
    "Template": "E",
    "DeviationSignature": [
      0,
      0,
      0
    ],
    "Output": [
      0,
      0,
      0,
      0,
      100,
      0
    ],
    "Recipe": "EEE"
  },
  {
    "Input1": "X",
    "Input2": "X",
    "Template": "X",
    "DeviationSignature": [
      0,
      0,
      0
    ],
    "Output": [
      0,
      0,
      0,
      100,
      0,
      0
    ],
    "Recipe": "XXX"
  },
  {
    "Input1": "F",
    "Input2": "F",
    "Template": "F",
    "DeviationSignature": [
      0,
      0,
      0
    ],
    "Output": [
      0,
      0,
      100,
      0,
      0,
      0
    ],
    "Recipe": "FFF"
  },
  {
    "Input1": "C",
    "Input2": "C",
    "Template": "C",
    "DeviationSignature": [
      0,
      0,
      0
    ],
    "Output": [
      0,
      100,
      0,
      0,
      0,
      0
    ],
    "Recipe": "CCC"
  },
  {
    "Input1": "C",
    "Input2": "F",
    "Template": "F",
    "DeviationSignature": [
      0,
      1,
      1
    ],
    "Output": [
      0,
      33.33,
      66.67,
      0,
      0,
      0
    ],
    "Recipe": "CFF"
  },
  {
    "Input1": "F",
    "Input2": "X",
    "Template": "X",
    "DeviationSignature": [
      0,
      1,
      1
    ],
    "Output": [
      0,
      0,
      33.33,
      66.67,
      0,
      0
    ],
    "Recipe": "FXX"
  },
  {
    "Input1": "X",
    "Input2": "E",
    "Template": "E",
    "DeviationSignature": [
      0,
      1,
      1
    ],
    "Output": [
      0,
      0,
      0,
      33.33,
      66.67,
      0
    ],
    "Recipe": "XEE"
  },
  {
    "Input1": "E",
    "Input2": "Y",
    "Template": "Y",
    "DeviationSignature": [
      0,
      1,
      1
    ],
    "Output": [
      0,
      0,
      0,
      0,
      33.33,
      66.67
    ],
    "Recipe": "EYY"
  },
  {
    "Input1": "C",
    "Input2": "F",
    "Template": "X",
    "DeviationSignature": [
      0,
      1,
      2
    ],
    "Output": [
      0,
      36.36,
      27.27,
      36.36,
      0,
      0
    ],
    "Recipe": "CFX"
  },
  {
    "Input1": "F",
    "Input2": "X",
    "Template": "E",
    "DeviationSignature": [
      0,
      1,
      2
    ],
    "Output": [
      0,
      0,
      36.36,
      27.27,
      36.36,
      0
    ],
    "Recipe": "FXE"
  },
  {
    "Input1": "X",
    "Input2": "E",
    "Template": "Y",
    "DeviationSignature": [
      0,
      1,
      2
    ],
    "Output": [
      0,
      0,
      0,
      36.36,
      27.27,
      36.36
    ],
    "Recipe": "XEY"
  },
  {
    "Input1": "Y",
    "Input2": "X",
    "Template": "P",
    "DeviationSignature": [
      5,
      3,
      0
    ],
    "Output": [
      39.13,
      17.39,
      13.04,
      17.39,
      4.35,
      8.7
    ],
    "Recipe": "YXP"
  },
  {
    "Recipe": "FCP",
    "Input1": "F",
    "Input2": "C",
    "Template": "P",
    "DeviationSignature": [
      2,
      1,
      0
    ],
    "Output": [
      54.55,
      27.27,
      18.18,
      0,
      0,
      0
    ]
  },
  {
    "Recipe": "YPP",
    "Input1": "Y",
    "Input2": "P",
    "Template": "P",
    "DeviationSignature": [
      5,
      0,
      0
    ],
    "Output": [
      47.83,
      17.39,
      13.04,
      8.7,
      4.35,
      8.7
    ]
  }
]