{
  "adjustment_vectors": {
    "(0, 1)": [
      -8.66,
      8.66,
      0.0,
      0.0,
      0.0,
      0.0
    ],
    "(0, 2)": [
      -9.47,
      3.3,
      6.17,
      0.0,
      0.0,
      0.0
    ],
    "(0, 3)": [
      -16.4,
      10.02,
      7.48,
      -0.15,
      0.0,
      0.0
    ],
    "(0, 4)": [
      -23.51,
      11.5,
      12.75,
      5.88,
      -0.31,
      0.0
    ],
    "(0, 5)": [
      -29.53,
      12.93,
      11.7,
      7.47,
      3.17,
      -5.74
    ]
  }
}