[
  {
    "Recipe":"CC",
    "Input1":"C",
    "Input2":"C",
    "Output_P":0.0,
    "Output_C":100.0,
    "Output_F":0.0,
    "Output_X":0.0,
    "Output_E":0.0,
    "Output_Y":0.0
  },
  {
    "Recipe":"CE",
    "Input1":"C",
    "Input2":"E",
    "Output_P":0.0,
    "Output_C":50.0,
    "Output_F":20.0,
    "Output_X":10.0,
    "Output_E":20.0,
    "Output_Y":0.0
  },
  {
    "Recipe":"CF",
    "Input1":"C",
    "Input2":"F",
    "Output_P":0.0,
    "Output_C":60.0,
    "Output_F":40.0,
    "Output_X":0.0,
    "Output_E":0.0,
    "Output_Y":0.0
  },
  {
    "Recipe":"CP",
    "Input1":"C",
    "Input2":"P",
    "Output_P":60.0,
    "Output_C":40.0,
    "Output_F":0.0,
    "Output_X":0.0,
    "Output_E":0.0,
    "Output_Y":0.0
  },
  {
    "Recipe":"CX",
    "Input1":"C",
    "Input2":"X",
    "Output_P":0.0,
    "Output_C":57.14,
    "Output_F":14.29,
    "Output_X":28.57,
    "Output_E":0.0,
    "Output_Y":0.0
  },
  {
    "Recipe":"CY",
    "Input1":"C",
    "Input2":"Y",
    "Output_P":0.0,
    "Output_C":42.86,
    "Output_F":21.43,
    "Output_X":14.29,
    "Output_E":7.14,
    "Output_Y":14.29
  },
  {
    "Recipe":"EC",
    "Input1":"E",
    "Input2":"C",
    "Output_P":0.0,
    "Output_C":50.0,
    "Output_F":20.0,
    "Output_X":10.0,
    "Output_E":20.0,
    "Output_Y":0.0
  },
  {
    "Recipe":"EE",
    "Input1":"E",
    "Input2":"E",
    "Output_P":0.0,
    "Output_C":0.0,
    "Output_F":0.0,
    "Output_X":0.0,
    "Output_E":100.0,
    "Output_Y":0.0
  },
  {
    "Recipe":"EF",
    "Input1":"E",
    "Input2":"F",
    "Output_P":0.0,
    "Output_C":0.0,
    "Output_F":57.14,
    "Output_X":14.29,
    "Output_E":28.57,
    "Output_Y":0.0
  },
  {
    "Recipe":"EP",
    "Input1":"E",
    "Input2":"P",
    "Output_P":42.86,
    "Output_C":21.43,
    "Output_F":14.29,
    "Output_X":7.14,
    "Output_E":14.29,
    "Output_Y":0.0
  },
  {
    "Recipe":"EX",
    "Input1":"E",
    "Input2":"X",
    "Output_P":0.0,
    "Output_C":0.0,
    "Output_F":0.0,
    "Output_X":60.0,
    "Output_E":40.0,
    "Output_Y":0.0
  },
  {
    "Recipe":"EY",
    "Input1":"E",
    "Input2":"Y",
    "Output_P":0.0,
    "Output_C":0.0,
    "Output_F":0.0,
    "Output_X":0.0,
    "Output_E":60.0,
    "Output_Y":40.0
  },
  {
    "Recipe":"FC",
    "Input1":"F",
    "Input2":"C",
    "Output_P":0.0,
    "Output_C":60.0,
    "Output_F":40.0,
    "Output_X":0.0,
    "Output_E":0.0,
    "Output_Y":0.0
  },
  {
    "Recipe":"FE",
    "Input1":"F",
    "Input2":"E",
    "Output_P":0.0,
    "Output_C":0.0,
    "Output_F":57.14,
    "Output_X":14.29,
    "Output_E":28.57,
    "Output_Y":0.0
  },
  {
    "Recipe":"FF",
    "Input1":"F",
    "Input2":"F",
    "Output_P":0.0,
    "Output_C":0.0,
    "Output_F":100.0,
    "Output_X":0.0,
    "Output_E":0.0,
    "Output_Y":0.0
  },
  {
    "Recipe":"FP",
    "Input1":"F",
    "Input2":"P",
    "Output_P":57.14,
    "Output_C":14.29,
    "Output_F":28.57,
    "Output_X":0.0,
    "Output_E":0.0,
    "Output_Y":0.0
  },
  {
    "Recipe":"FX",
    "Input1":"F",
    "Input2":"X",
    "Output_P":0.0,
    "Output_C":0.0,
    "Output_F":60.0,
    "Output_X":40.0,
    "Output_E":0.0,
    "Output_Y":0.0
  },
  {
    "Recipe":"FY",
    "Input1":"F",
    "Input2":"Y",
    "Output_P":0.0,
    "Output_C":0.0,
    "Output_F":50.0,
    "Output_X":20.0,
    "Output_E":10.0,
    "Output_Y":20.0
  },
  {
    "Recipe":"PC",
    "Input1":"P",
    "Input2":"C",
    "Output_P":60.0,
    "Output_C":40.0,
    "Output_F":0.0,
    "Output_X":0.0,
    "Output_E":0.0,
    "Output_Y":0.0
  },
  {
    "Recipe":"PE",
    "Input1":"P",
    "Input2":"E",
    "Output_P":42.86,
    "Output_C":21.43,
    "Output_F":14.29,
    "Output_X":7.14,
    "Output_E":14.29,
    "Output_Y":0.0
  },
  {
    "Recipe":"PF",
    "Input1":"P",
    "Input2":"F",
    "Output_P":57.14,
    "Output_C":14.29,
    "Output_F":28.57,
    "Output_X":0.0,
    "Output_E":0.0,
    "Output_Y":0.0
  },
  {
    "Recipe":"PX",
    "Input1":"P",
    "Input2":"X",
    "Output_P":50.0,
    "Output_C":20.0,
    "Output_F":10.0,
    "Output_X":20.0,
    "Output_E":0.0,
    "Output_Y":0.0
  },
  {
    "Recipe":"PY",
    "Input1":"P",
    "Input2":"Y",
    "Output_P":36.84,
    "Output_C":21.05,
    "Output_F":15.79,
    "Output_X":10.53,
    "Output_E":5.26,
    "Output_Y":10.53
  },
  {
    "Recipe":"XC",
    "Input1":"X",
    "Input2":"C",
    "Output_P":0.0,
    "Output_C":57.14,
    "Output_F":14.29,
    "Output_X":28.57,
    "Output_E":0.0,
    "Output_Y":0.0
  },
  {
    "Recipe":"XE",
    "Input1":"X",
    "Input2":"E",
    "Output_P":0.0,
    "Output_C":0.0,
    "Output_F":0.0,
    "Output_X":60.0,
    "Output_E":40.0,
    "Output_Y":0.0
  },
  {
    "Recipe":"XF",
    "Input1":"X",
    "Input2":"F",
    "Output_P":0.0,
    "Output_C":0.0,
    "Output_F":60.0,
    "Output_X":40.0,
    "Output_E":0.0,
    "Output_Y":0.0
  },
  {
    "Recipe":"XP",
    "Input1":"X",
    "Input2":"P",
    "Output_P":50.0,
    "Output_C":20.0,
    "Output_F":10.0,
    "Output_X":20.0,
    "Output_E":0.0,
    "Output_Y":0.0
  },
  {
    "Recipe":"XX",
    "Input1":"X",
    "Input2":"X",
    "Output_P":0.0,
    "Output_C":0.0,
    "Output_F":0.0,
    "Output_X":100.0,
    "Output_E":0.0,
    "Output_Y":0.0
  },
  {
    "Recipe":"XY",
    "Input1":"X",
    "Input2":"Y",
    "Output_P":0.0,
    "Output_C":0.0,
    "Output_F":0.0,
    "Output_X":57.14,
    "Output_E":14.29,
    "Output_Y":28.57
  },
  {
    "Recipe":"YC",
    "Input1":"Y",
    "Input2":"C",
    "Output_P":0.0,
    "Output_C":42.86,
    "Output_F":21.43,
    "Output_X":14.29,
    "Output_E":7.14,
    "Output_Y":14.29
  },
  {
    "Recipe":"YE",
    "Input1":"Y",
    "Input2":"E",
    "Output_P":0.0,
    "Output_C":0.0,
    "Output_F":0.0,
    "Output_X":0.0,
    "Output_E":60.0,
    "Output_Y":40.0
  },
  {
    "Recipe":"YF",
    "Input1":"Y",
    "Input2":"F",
    "Output_P":0.0,
    "Output_C":0.0,
    "Output_F":50.0,
    "Output_X":20.0,
    "Output_E":10.0,
    "Output_Y":20.0
  },
  {
    "Recipe":"YP",
    "Input1":"Y",
    "Input2":"P",
    "Output_P":36.84,
    "Output_C":21.05,
    "Output_F":15.79,
    "Output_X":10.53,
    "Output_E":5.26,
    "Output_Y":10.53
  },
  {
    "Recipe":"YX",
    "Input1":"Y",
    "Input2":"X",
    "Output_P":0.0,
    "Output_C":0.0,
    "Output_F":0.0,
    "Output_X":57.14,
    "Output_E":14.29,
    "Output_Y":28.57
  },
  {
    "Recipe":"YY",
    "Input1":"Y",
    "Input2":"Y",
    "Output_P":0.0,
    "Output_C":0.0,
    "Output_F":0.0,
    "Output_X":0.0,
    "Output_E":0.0,
    "Output_Y":100.0
  }
]